term,name,ename,sex,party,partyGroup,areaName,committee,onboardDate,degree,experience,picUrl,leaveFlag,leaveDate,leaveReason,X16
9,王金平,Wang Jin-Pyng,男,中國國民黨,中國國民黨,全國不分區及僑居國外國民,第9屆第1會期：外交及國防委員會;第9屆第2會期：外交及國防委員會;第9屆第3會期：外交及國防委員會;第9屆第4會期：外交及國防委員會;第9屆第5會期：司法及法制委員會;第9屆第6會期：司法及法制委員會;第9屆第7會期：司法及法制委員會;第9屆第8會期：司法及法制委員會;,2016-02-01,臺灣省立師範大學數學系畢業;,立法院院長、副院長;中國國民黨副主席;國家生技醫療產業策進會會長;  ;,http://www.ly.gov.tw//Images/Legislators/90001.jpg,否,NA,NA,NA
9,王育敏,Wang Yu-Min,女,中國國民黨,中國國民黨,全國不分區及僑居國外國民,第9屆第1會期：社會福利及衛生環境委員會;第9屆第1會期：程序委員會;第9屆第1會期：紀律委員會;第9屆第2會期：社會福利及衛生環境委員會;第9屆第2會期：程序委員會;第9屆第3會期：司法及法制委員會;第9屆第3會期：程序委員會;第9屆第4會期：司法及法制委員會;第9屆第4會期：程序委員會;第9屆第4會期：紀律委員會;第9屆第5會期：社會福利及衛生環境委員會;第9屆第6會期：社會福利及衛生環境委員會;第9屆第7會期：社會福利及衛生環境委員會;第9屆第8會期：社會福利及衛生環境委員會;,2016-02-01,東海大學社會工作學系碩士;東海大學社會工作學系學士;,第8屆立法委員;總統府人權諮詢小組委員;內政部兒少福利委員會委員;兒童福利聯盟基金會執行長;  ;,http://www.ly.gov.tw//Images/Legislators/90002.jpg,否,NA,NA,NA
9,王定宇,Wang Ting-Yu,男,民主進步黨,民主進步黨,臺南市第5選舉區,第9屆第1會期：外交及國防委員會;第9屆第2會期：外交及國防委員會;第9屆第3會期：外交及國防委員會;第9屆第3會期：紀律委員會;第9屆第4會期：外交及國防委員會;第9屆第5會期：外交及國防委員會;第9屆第6會期：外交及國防委員會;第9屆第7會期：外交及國防委員會;第9屆第7會期：紀律委員會;第9屆第8會期：外交及國防委員會;第9屆第8會期：紀律委員會;,2016-02-01,國立成功大學外文系;國立成功大學企管碩士;國立台北大學企管博士;,臺南市議會第15、16屆議員;台南直轄市第1屆市議員;臺南市議會教育委員會召集人;長老教會松年學講師;臺南市教師會顧問;臺南市教育產業工會顧問;關中虎慢速球聯盟理事長;電視台資深政論評論員;  ;,http://www.ly.gov.tw//Images/Legislators/90003.jpg,否,NA,NA,NA
9,王惠美,Wang Hui-Mei,女,中國國民黨,中國國民黨,彰化縣第1選舉區,第9屆第1會期：經濟委員會;第9屆第2會期：經濟委員會;第9屆第3會期：經濟委員會;第9屆第3會期：經費稽核委員會;第9屆第4會期：經濟委員會;第9屆第4會期：經費稽核委員會;第9屆第5會期：經濟委員會;第9屆第6會期：經濟委員會;,2016-02-01,彰化縣洛津國小 ;彰化縣鹿港國中 ;國立臺中第二高級中學;私立東海大學政治系學士學位、碩士學位;國立彰化師範大學財務金融學系博士班(就讀中);,鹿鳴國中、伸港國中、大慶商工教師;大葉大學、建國科技大學兼任講師;彰化縣青年工作委員會總會長;救國團鹿港鎮團委會會長;鹿菁獅子會會長;彰化縣土風舞協會理事長;彰化縣議員;鹿港鎮長;立法委員;彰化師範大學財務金融學系博士生;  ;,http://www.ly.gov.tw//Images/Legislators/90004.jpg,是,2018-12-25,NA,NA
9,王榮璋,Wang Jung-Chang,男,民主進步黨,民主進步黨,全國不分區及僑居國外國民,第9屆第1會期：財政委員會;第9屆第1會期：程序委員會;第9屆第2會期：財政委員會;第9屆第2會期：程序委員會;第9屆第2會期：紀律委員會;第9屆第3會期：財政委員會;第9屆第3會期：紀律委員會;第9屆第4會期：財政委員會;第9屆第5會期：財政委員會;第9屆第5會期：程序委員會;第9屆第5會期：紀律委員會;第9屆第6會期：經費稽核委員會;第9屆第6會期：財政委員會;第9屆第6會期：程序委員會;第9屆第6會期：紀律委員會;第9屆第7會期：財政委員會;第9屆第8會期：財政委員會;,2016-02-01,國立岡山高中畢業;,中華民國身心障礙聯盟秘書長;台灣社會心理復健協會理事長;台灣社會福利總盟常務理事;伊甸社會福利基金會顧問;蘋果日報慈善基金會常務董事;新境界文教基金會董事;臺灣少年權益及福利促進聯盟顧問;第6屆立法委員;  ;,http://www.ly.gov.tw//Images/Legislators/90005.jpg,否,NA,NA,NA
9,孔文吉,Kung Wen-Chi,男,中國國民黨,中國國民黨,山地原住民,第9屆第1會期：經濟委員會;第9屆第2會期：經濟委員會;第9屆第3會期：經濟委員會;第9屆第4會期：經濟委員會;第9屆第5會期：經濟委員會;第9屆第6會期：經濟委員會;第9屆第7會期：經濟委員會;第9屆第7會期：紀律委員會;第9屆第8會期：經濟委員會;,2016-02-01,臺灣大學外文系畢業;美國奧勒岡大學(University of Oregon)新聞碩士;英國羅芙堡大學(Loughborough University)社會學系媒體研究組博士;,第6、7、8屆立法委員;臺北市政府原住民事務委員會主任委員;內政部民政司專員;行政院新聞局聯絡室秘書;財團法人公共電視文化事業基金會董事;朝陽科技大學及文藻外語專科學校等助理教授;東吳大學、東華大學、花蓮師範學院等兼任助理教授;  ;,http://www.ly.gov.tw//Images/Legislators/90006.jpg,否,NA,NA,NA
9,尤美女,Yu Mei-Nu,女,民主進步黨,民主進步黨,全國不分區及僑居國外國民,第9屆第1會期：司法及法制委員會;第9屆第1會期：程序委員會;第9屆第2會期：司法及法制委員會;第9屆第2會期：程序委員會;第9屆第2會期：紀律委員會;第9屆第3會期：司法及法制委員會;第9屆第4會期：司法及法制委員會;第9屆第5會期：司法及法制委員會;第9屆第5會期：程序委員會;第9屆第6會期：經費稽核委員會;第9屆第6會期：司法及法制委員會;第9屆第6會期：程序委員會;第9屆第7會期：司法及法制委員會;第9屆第7會期：程序委員會;第9屆第7會期：經費稽核委員會;第9屆第8會期：程序委員會;第9屆第8會期：司法及法制委員會;第9屆第8會期：經費稽核委員會;,2016-02-01,國立臺灣大學法律學研究所碩士;,第8屆立委;台北律師公會前理事長;台灣婦女團體全國聯合會創會理事長;婦女新知基金會前董事長;總統府前人權諮詢委員;  ;,http://www.ly.gov.tw//Images/Legislators/90007.jpg,否,NA,NA,NA
9,江永昌,Chiang Yung-Chang,男,民主進步黨,民主進步黨,新北市第8選舉區,第9屆第1會期：財政委員會;第9屆第2會期：財政委員會;第9屆第3會期：財政委員會;第9屆第4會期：財政委員會;第9屆第5會期：財政委員會;第9屆第6會期：財政委員會;第9屆第7會期：財政委員會;第9屆第8會期：財政委員會;,2016-02-01,中和國小;海山國中;建國高中;中興大學物理學士;臺灣師範大學政治學研究所碩士;,臺灣大學工業工程研究所碩士;台北大學法律學院研究專班;第2屆新北市議員;第1屆新北市議員暨黨團幹事長;第16屆臺北縣議員;中和市市民代表;立委趙永清國會助理;凱達格蘭學校校友會監事;陽光之友協會理事長;紅十字會新北市分會副會長;新北市義消第七大隊幹事;,http://www.ly.gov.tw//Images/Legislators/90008.jpg,否,NA,NA,NA
9,江啟臣,Chiang Chi-Chen,男,中國國民黨,中國國民黨,臺中市第8選舉區,第9屆第1會期：外交及國防委員會;第9屆第1會期：程序委員會;第9屆第1會期：紀律委員會;第9屆第2會期：外交及國防委員會;第9屆第2會期：程序委員會;第9屆第3會期：外交及國防委員會;第9屆第3會期：程序委員會;第9屆第3會期：紀律委員會;第9屆第4會期：外交及國防委員會;第9屆第4會期：程序委員會;第9屆第5會期：外交及國防委員會;第9屆第5會期：程序委員會;第9屆第6會期：外交及國防委員會;第9屆第6會期：程序委員會;第9屆第7會期：外交及國防委員會;第9屆第8會期：外交及國防委員會;,2016-02-01,美國南卡羅萊納大學國際關係博士;美國匹茲堡大學國際事務碩士;國立政治大學外交學系;台中一中;豐南國中;瑞穗國小;,中華民國第8屆立法委員;行政院新聞局局長;東吳大學政治系專任副教授;立法院中華民國與新加坡國會議員友好協會會長;台灣經濟研究院國際處代處長;台灣新世代關懷協會理事長;公民監督國會聯盟、財經立法促進院評選為立法院績優委員;  ;,http://www.ly.gov.tw//Images/Legislators/90009.jpg,否,NA,NA,NA
9,何欣純,Ho Hsin-Chun,女,民主進步黨,民主進步黨,臺中市第7選舉區,第9屆第1會期：教育及文化委員會;第9屆第2會期：教育及文化委員會;第9屆第2會期：紀律委員會;第9屆第2會期：經費稽核委員會;第9屆第3會期：教育及文化委員會;第9屆第4會期：教育及文化委員會;第9屆第5會期：外交及國防委員會;第9屆第6會期：外交及國防委員會;第9屆第7會期：外交及國防委員會;第9屆第8會期：外交及國防委員會;,2016-02-01,塗城國小;成功國中;臺中女中;國立成功大學;英國約克大學婦女研究碩士;,第8屆立法委員（公督盟評鑑教育文化委員會優秀立委、財促院評鑑教育組績優立委）;立法院民進黨黨團副書記長;第一屆大臺中市議員;第15、16屆台中縣議員;家扶中心北台中區副主任;福田行善會、廣亮、同心、和風、合濟、眾愛等慈善團體會員;  ;,http://www.ly.gov.tw//Images/Legislators/90010.jpg,否,NA,NA,NA
9,余宛如,Yu Wan-Ju,女,民主進步黨,民主進步黨,全國不分區及僑居國外國民,第9屆第1會期：財政委員會;第9屆第1會期：程序委員會;第9屆第2會期：財政委員會;第9屆第2會期：程序委員會;第9屆第3會期：財政委員會;第9屆第3會期：程序委員會;第9屆第4會期：財政委員會;第9屆第4會期：程序委員會;第9屆第5會期：財政委員會;第9屆第6會期：財政委員會;第9屆第7會期：財政委員會;第9屆第8會期：財政委員會;,2016-02-01,倫敦大學亞非學院飲食人類學碩士;臺灣大學經濟系學士;,生態綠(股)公司創辦人、董事長;Fairtrade Taiwan臺灣公平貿易推廣協會理事長;社會企業發展聯盟理事;綠色電商聯盟副理事長;  ;,http://www.ly.gov.tw//Images/Legislators/90011.jpg,否,NA,NA,NA
9,吳玉琴,Wu Yu-Chin,女,民主進步黨,民主進步黨,全國不分區及僑居國外國民,第9屆第1會期：社會福利及衛生環境委員會;第9屆第1會期：程序委員會;第9屆第2會期：社會福利及衛生環境委員會;第9屆第2會期：程序委員會;第9屆第2會期：紀律委員會;第9屆第3會期：社會福利及衛生環境委員會;第9屆第4會期：社會福利及衛生環境委員會;第9屆第5會期：社會福利及衛生環境委員會;第9屆第5會期：程序委員會;第9屆第6會期：社會福利及衛生環境委員會;第9屆第6會期：程序委員會;第9屆第7會期：社會福利及衛生環境委員會;第9屆第7會期：程序委員會;第9屆第8會期：程序委員會;第9屆第8會期：社會福利及衛生環境委員會;,2016-02-01,東海大學社會工作碩士;政治大學社會學系學士;嘉義女中;,中華民國老人福利推動聯盟秘書長;臺灣社會福利總盟理事長;衛福部老人福利推動小組委員;衛福部全民健康保險會委員;實踐大學社會工作學系講師;  ;,http://www.ly.gov.tw//Images/Legislators/90012.jpg,否,NA,NA,NA
9,吳志揚,Wu Chih-Yang,男,中國國民黨,中國國民黨,全國不分區及僑居國外國民,第9屆第1會期：教育及文化委員會;第9屆第2會期：教育及文化委員會;第9屆第3會期：司法及法制委員會;第9屆第4會期：司法及法制委員會;第9屆第5會期：司法及法制委員會;第9屆第6會期：司法及法制委員會;第9屆第6會期：程序委員會;第9屆第7會期：司法及法制委員會;第9屆第7會期：程序委員會;第9屆第8會期：司法及法制委員會;,2016-02-01,哈佛大學法學碩士;臺灣大學法律研究所碩士;臺灣大學法律系畢業;,中華職業棒球大聯盟會長;桃園縣長;第6、7屆立法委員;中原大學、台灣警專榮譽教授;執業律師;  ;,http://www.ly.gov.tw//Images/Legislators/90013.jpg,否,NA,NA,NA
9,吳秉叡,WuPing-Jui,男,民主進步黨,民主進步黨,新北市第4選舉區,第9屆第1會期：財政委員會;第9屆第2會期：財政委員會;第9屆第3會期：財政委員會;第9屆第4會期：財政委員會;第9屆第5會期：財政委員會;第9屆第6會期：財政委員會;第9屆第7會期：財政委員會;第9屆第8會期：財政委員會;,2016-02-01,士林國小;成功高中;國立政治大學法律系法學組學士;國立政治大學法律研究所碩士;,野百合學運政大學生代表;司法官訓練所29期;臺東地方法院法官;臺灣司法改革連線成員;凱達格蘭學校國策班第1期。臺北縣政府縣長機要秘書;第6屆立法委員;律師;民進黨臺北縣、新北市黨部主委;第8屆不分區立法委員;第8屆第4、5會期民進黨立法院黨團書記長;,http://www.ly.gov.tw//Images/Legislators/90014.jpg,否,NA,NA,NA
9,吳思瑤,Wu Szu-Yao,女,民主進步黨,民主進步黨,臺北市第1選舉區,第9屆第1會期：教育及文化委員會;第9屆第2會期：教育及文化委員會;第9屆第3會期：教育及文化委員會;第9屆第4會期：教育及文化委員會;第9屆第5會期：教育及文化委員會;第9屆第5會期：紀律委員會;第9屆第6會期：教育及文化委員會;第9屆第7會期：教育及文化委員會;第9屆第8會期：教育及文化委員會;,2016-02-01,臺灣大學政治學研究所碩士;輔仁大學西語系、日語系文學雙學士;,臺北市議員(第10、11、12屆);臺北市議會民進黨團總召集人;民進黨中常委、中執委、中評委;  ;,http://www.ly.gov.tw//Images/Legislators/90015.jpg,否,NA,NA,NA
9,吳焜裕,Wu Kuen-Yuh,男,民主進步黨,民主進步黨,全國不分區及僑居國外國民,第9屆第1會期：社會福利及衛生環境委員會;第9屆第1會期：程序委員會;第9屆第2會期：社會福利及衛生環境委員會;第9屆第2會期：程序委員會;第9屆第3會期：外交及國防委員會;第9屆第3會期：程序委員會;第9屆第3會期：經費稽核委員會;第9屆第4會期：外交及國防委員會;第9屆第4會期：程序委員會;第9屆第4會期：經費稽核委員會;第9屆第5會期：社會福利及衛生環境委員會;第9屆第6會期：社會福利及衛生環境委員會;第9屆第6會期：紀律委員會;第9屆第7會期：外交及國防委員會;第9屆第7會期：程序委員會;第9屆第7會期：經費稽核委員會;第9屆第8會期：程序委員會;第9屆第8會期：外交及國防委員會;第9屆第8會期：經費稽核委員會;,2016-02-01,美國北卡蘿萊納大學教堂山分校環境工程科博士(毒理);美國北卡蘿萊納大學教堂山分校碩士(環境工程科學);國立陽明大學醫學工程碩士;國立清華大學化學工程系學士;嘉義高中;嘉義市民生國中;嘉義市志航國小;,臺灣大學職業醫學與工業衛生研究所教授;國家衛生研究院環境衛生與職業醫學組副研究員;中國醫藥大學職業安全與衛生學系助理教授;臺灣風險分析學會理事長;中華民國環境保護學會常務理事;環保團體看守臺灣協會理事長;臺灣環保聯盟副會長;  ;,http://www.ly.gov.tw//Images/Legislators/90016.jpg,否,NA,NA,NA
9,吳琪銘,Wu Chi-Ming,男,民主進步黨,民主進步黨,新北市第10選舉區,第9屆第1會期：內政委員會;第9屆第2會期：內政委員會;第9屆第3會期：內政委員會;第9屆第4會期：內政委員會;第9屆第5會期：內政委員會;第9屆第6會期：內政委員會;第9屆第7會期：內政委員會;第9屆第8會期：內政委員會;,2016-02-01,德霖技術學院畢;世新大學企業管理學碩士;,2002年土城市民代表;2004年任務型國代;2005年當選第16屆臺北縣議員;2010年當選新北市第1屆市議員;2013、2014年擔任議會教育召集人;2014年當選新北市第2屆市議員;2019年立法院民進黨團第九屆第八會期副書記長;新北市消防局義勇消防,http://www.ly.gov.tw//Images/Legislators/90017.jpg,否,NA,NA,NA
9,呂玉玲,Lu Yu-Ling,女,中國國民黨,中國國民黨,桃園市第5選舉區,第9屆第1會期：外交及國防委員會;第9屆第2會期：外交及國防委員會;第9屆第2會期：紀律委員會;第9屆第3會期：外交及國防委員會;第9屆第4會期：外交及國防委員會;第9屆第5會期：外交及國防委員會;第9屆第5會期：紀律委員會;第9屆第6會期：外交及國防委員會;第9屆第7會期：外交及國防委員會;第9屆第8會期：外交及國防委員會;,2016-02-01,桃園創新技術學院企業管理科;桃園市育達高中;桃園市中壢國中;桃園市中壢國小;,中華民國第8屆立法委員;中國國民黨第19屆中央委員;中國國民黨桃園市平鎮區委員會主任委員;珍珠國際同濟會第10屆會長;桃園市守望相助大隊平鎮中隊長;國立中央大學客家學院平鎮客家書院執行委員;桃園市體育會划船委員會主任委員;桃園市平鎮區槌球推廣協會理事長;婦,http://www.ly.gov.tw//Images/Legislators/90018.jpg,否,NA,NA,NA
9,呂孫綾,Lu Sun-Ling,女,民主進步黨,民主進步黨,新北市第1選舉區,第9屆第1會期：外交及國防委員會;第9屆第2會期：外交及國防委員會;第9屆第3會期：外交及國防委員會;第9屆第4會期：外交及國防委員會;第9屆第5會期：外交及國防委員會;第9屆第6會期：外交及國防委員會;第9屆第7會期：內政委員會;第9屆第8會期：內政委員會;,2016-02-01,淡水國小;聖心女中;文化大學政治學系;文化大學政治研究所碩士;,文化大學政治研究所博士生;民進黨第14、 15、16屆中央執行委員;淡信慈善基金會執行長;淡水民主協會常務理事;新北市教育發展協會副總幹事;  ;,http://www.ly.gov.tw//Images/Legislators/90019.jpg,否,NA,NA,NA
9,李昆澤,Lee Kun-Tse,男,民主進步黨,民主進步黨,高雄市第6選舉區,第9屆第1會期：交通委員會;第9屆第2會期：交通委員會;第9屆第2會期：紀律委員會;第9屆第3會期：交通委員會;第9屆第4會期：交通委員會;第9屆第5會期：交通委員會;第9屆第6會期：交通委員會;第9屆第7會期：交通委員會;第9屆第7會期：紀律委員會;第9屆第8會期：交通委員會;,2016-02-01,輔大歷史系畢;中山大學政治學碩士;,蔡英文主席特別助理;第6、8屆立法委員（交通委員會召委）;第6屆高雄市議員（民進黨團總召）;第3屆國大代表（修憲審查小組召集人）;高雄縣政府新聞室主任;民進黨大型造勢晚會主持人;陳定南立委特別助理;台灣人權促進會總幹事;台灣人權雜誌總主筆;台灣環保聯盟幹事,http://www.ly.gov.tw//Images/Legislators/90020.jpg,否,NA,NA,NA
9,李俊俋,Lee Chun-Yi,男,民主進步黨,民主進步黨,嘉義市選舉區,第9屆第1會期：內政委員會;第9屆第2會期：內政委員會;第9屆第3會期：司法及法制委員會;第9屆第4會期：司法及法制委員會;第9屆第5會期：司法及法制委員會;第9屆第6會期：司法及法制委員會;第9屆第7會期：內政委員會;第9屆第8會期：內政委員會;第9屆第8會期：紀律委員會;,2016-02-01,美國波士頓學院政治研究所碩士;文化大學政治系學士;嘉義市民族國小;,第8屆立法委員;總統府國策顧問兼憲改辦公室主任;考試院銓敘部政務次長;嘉義市副市長;  ;,http://www.ly.gov.tw//Images/Legislators/90021.jpg,否,NA,NA,NA
9,李彥秀,Lee Yen-Hsiu,女,中國國民黨,中國國民黨,臺北市第4選舉區,第9屆第1會期：社會福利及衛生環境委員會;第9屆第1會期：程序委員會;第9屆第2會期：社會福利及衛生環境委員會;第9屆第2會期：程序委員會;第9屆第3會期：社會福利及衛生環境委員會;第9屆第3會期：程序委員會;第9屆第3會期：紀律委員會;第9屆第4會期：社會福利及衛生環境委員會;第9屆第4會期：程序委員會;第9屆第5會期：外交及國防委員會;第9屆第5會期：程序委員會;第9屆第6會期：外交及國防委員會;第9屆第7會期：社會福利及衛生環境委員會;第9屆第8會期：社會福利及衛生環境委員會;,2016-02-01,美國加州爾灣大學經濟系畢業;,臺北市議會第8、9、10、11、12屆市議員;青溪婦聯會南港支分會主任委員;南港區體育會理事長;  ;,http://www.ly.gov.tw//Images/Legislators/90022.jpg,否,NA,NA,NA
9,李應元,Lee Ying-Yuan,男,民主進步黨,民主進步黨,全國不分區及僑居國外國民,第9屆第1會期：財政委員會;,2016-02-01,崙背國小;虎尾初中;台中一中;台大公共衛生學系學士、碩士;哈佛大學醫管碩士;美國北卡醫療經濟學博士;,立法委員;駐美副代表 ;行政院秘書長;行政院勞工委員會主任委員;行政院政務委員;  ;,http://www.ly.gov.tw//Images/Legislators/90023.jpg,是,2016-05-20,NA,NA
9,李鴻鈞,Lee Hung-Chun,男,親民黨,親民黨,全國不分區及僑居國外國民,第9屆第1會期：交通委員會;第9屆第2會期：交通委員會;第9屆第3會期：交通委員會;第9屆第4會期：交通委員會;第9屆第5會期：交通委員會;第9屆第6會期：交通委員會;第9屆第7會期：交通委員會;第9屆第8會期：交通委員會;,2016-02-01,日本大學結構工程學博士;黎明工專畢業;,第5、6、7、8屆立法委員;立法院台日交流聯誼會會長;淡江大學建築所兼任副教授;中華民國紅十字會總會理事;台灣民主基金會董事;  ;,http://www.ly.gov.tw//Images/Legislators/90024.jpg,否,NA,NA,NA
9,谷辣斯‧尤達卡Kolas‧Yotaka,Kolas Yotaka,女,民主進步黨,民主進步黨,全國不分區及僑居國外國民,第9屆第1會期：內政委員會;第9屆第2會期：內政委員會;第9屆第3會期：內政委員會;第9屆第3會期：程序委員會;第9屆第4會期：內政委員會;第9屆第4會期：程序委員會;第9屆第5會期：內政委員會;第9屆第5會期：程序委員會;,2016-02-01,臺中女中;東海大學社會學系;東海大學社會學系研究所碩士;,桃園市政府原住民族行政局長;原住民族電視台新聞部副理兼採訪中心組長、主播;biz互動英語執行主編;民視新聞部記者;公共電視執行製作;  ;,http://www.ly.gov.tw//Images/Legislators/90025.jpg,是,2018-07-16,NA,NA
9,周春米,Chou Chun-Mi,女,民主進步黨,民主進步黨,全國不分區及僑居國外國民,第9屆第1會期：司法及法制委員會;第9屆第2會期：司法及法制委員會;第9屆第3會期：交通委員會;第9屆第3會期：程序委員會;第9屆第4會期：交通委員會;第9屆第4會期：程序委員會;第9屆第5會期：司法及法制委員會;第9屆第5會期：程序委員會;第9屆第6會期：司法及法制委員會;第9屆第6會期：程序委員會;第9屆第6會期：紀律委員會;第9屆第7會期：司法及法制委員會;第9屆第7會期：程序委員會;第9屆第7會期：紀律委員會;第9屆第8會期：程序委員會;第9屆第8會期：司法及法制委員會;第9屆第8會期：紀律委員會;,2016-02-01,國立臺灣大學法律學系畢業;,執業律師;屏東律師公會理事長;曾任台灣高雄、屏東地方法院法官;  ;,http://www.ly.gov.tw//Images/Legislators/90026.jpg,否,NA,NA,NA
9,周陳秀霞,Chou Chen Hsiu-Hsia,女,親民黨,親民黨,全國不分區及僑居國外國民,第9屆第1會期：司法及法制委員會;第9屆第2會期：司法及法制委員會;第9屆第3會期：社會福利及衛生環境委員會;第9屆第4會期：社會福利及衛生環境委員會;第9屆第5會期：經濟委員會;第9屆第5會期：程序委員會;第9屆第6會期：經濟委員會;第9屆第6會期：經費稽核委員會;第9屆第6會期：程序委員會;第9屆第7會期：經濟委員會;第9屆第7會期：程序委員會;第9屆第7會期：經費稽核委員會;第9屆第8會期：程序委員會;第9屆第8會期：經濟委員會;第9屆第8會期：經費稽核委員會;,2016-02-01,臺南縣立官田國民中學畢業;,中華民國婦女聯合會主任委員13年;臺南市議會議長李全教辦公室主任;臺南縣議會議長周五六服務處主任;立法委員周五六服務處主任;農民權益保障代表人;  ;,http://www.ly.gov.tw//Images/Legislators/90027.jpg,否,NA,NA,NA
9,林岱樺,Lin Tai-Hua,女,民主進步黨,民主進步黨,高雄市第4選舉區,第9屆第1會期：經濟委員會;第9屆第1會期：紀律委員會;第9屆第2會期：經濟委員會;第9屆第3會期：經濟委員會;第9屆第4會期：經濟委員會;第9屆第5會期：經濟委員會;第9屆第6會期：經濟委員會;第9屆第6會期：經費稽核委員會;第9屆第7會期：經濟委員會;第9屆第8會期：經濟委員會;,2016-02-01,天主教輔仁大學德文系畢業;美國威斯康辛大學大眾傳播碩士;德國卡賽爾綜合大學(Gesamthochschule Kassel Universitaet)德語教學(Deutsch als Fremdsprache)研究結業;,第5、6、7、8屆立法委員;行政院青輔會主委;民進黨第10、11屆中央執行委員;民進黨第14屆中央評議委員;  ;,http://www.ly.gov.tw//Images/Legislators/90028.jpg,否,NA,NA,NA
9,林俊憲,Lin Chun-Hsien,男,民主進步黨,民主進步黨,臺南市第4選舉區,第9屆第1會期：交通委員會;第9屆第2會期：交通委員會;第9屆第3會期：交通委員會;第9屆第4會期：交通委員會;第9屆第5會期：交通委員會;第9屆第6會期：交通委員會;第9屆第6會期：紀律委員會;第9屆第7會期：交通委員會;第9屆第8會期：交通委員會;,2016-02-01,臺南一中畢業;國立成功大學企管系畢業;美國密蘇里大學企管碩士(u. of MissouriMBA);臺大國家發展研究所博士班;,臺南市第14、15、16屆議員(1997-2010);民進黨中央黨部發言人;賴清德競選市長執行總幹事;民進黨中央執行委員;長榮大學-國際企業系兼任講師;  ;,http://www.ly.gov.tw//Images/Legislators/90029.jpg,否,NA,NA,NA
9,林昶佐,Lim Tshiong-Tso,男,無黨籍,0無,臺北市第5選舉區,第9屆第1會期：外交及國防委員會;第9屆第2會期：外交及國防委員會;第9屆第3會期：外交及國防委員會;第9屆第4會期：外交及國防委員會;第9屆第5會期：外交及國防委員會;第9屆第6會期：外交及國防委員會;第9屆第7會期：外交及國防委員會;第9屆第8會期：外交及國防委員會;,2016-02-01,國立台北大學企業管理學系學士;,時代力量創黨工程隊總隊長;時代力量主席團成員;國際知名閃靈樂團主唱;國際特赦組織台灣分會理事長;行政院二二八基金會董事;獨立音樂協會理事長;曾獲金曲獎、總統文化獎;  ;,http://www.ly.gov.tw//Images/Legislators/90030.jpg,否,NA,NA,NA
9,林為洲,Lin Wei-Chou,男,中國國民黨,中國國民黨,新竹縣選舉區,第9屆第1會期：司法及法制委員會;第9屆第1會期：紀律委員會;第9屆第2會期：司法及法制委員會;第9屆第3會期：司法及法制委員會;第9屆第3會期：程序委員會;第9屆第4會期：司法及法制委員會;第9屆第4會期：程序委員會;第9屆第5會期：司法及法制委員會;第9屆第6會期：司法及法制委員會;第9屆第6會期：紀律委員會;第9屆第7會期：內政委員會;第9屆第7會期：紀律委員會;第9屆第8會期：內政委員會;第9屆第8會期：紀律委員會;,2016-02-01,國立中央大學中文系畢業;,第6屆立法委員;第14、15、18屆新竹縣議員;第17屆新竹縣議會副議長;中國國民黨新竹縣黨部主任委員;  ;,http://www.ly.gov.tw//Images/Legislators/90031.jpg,否,NA,NA,NA
9,林淑芬,Lin Shu-Fen,女,民主進步黨,民主進步黨,新北市第2選舉區,第9屆第1會期：社會福利及衛生環境委員會;第9屆第1會期：紀律委員會;第9屆第2會期：社會福利及衛生環境委員會;第9屆第3會期：社會福利及衛生環境委員會;第9屆第4會期：社會福利及衛生環境委員會;第9屆第5會期：內政委員會;第9屆第6會期：內政委員會;第9屆第7會期：社會福利及衛生環境委員會;第9屆第8會期：社會福利及衛生環境委員會;,2016-02-01,NA,第6、7、8屆立法委員;  ;,http://www.ly.gov.tw//Images/Legislators/90032.jpg,否,NA,NA,NA
9,林德福,Lin Te-Fu,男,中國國民黨,中國國民黨,新北市第9選舉區,第9屆第1會期：司法及法制委員會;第9屆第1會期：程序委員會;第9屆第2會期：司法及法制委員會;第9屆第2會期：程序委員會;第9屆第3會期：財政委員會;第9屆第4會期：財政委員會;第9屆第4會期：程序委員會;第9屆第5會期：司法及法制委員會;第9屆第5會期：程序委員會;第9屆第6會期：司法及法制委員會;第9屆第7會期：財政委員會;第9屆第8會期：財政委員會;,2016-02-01,臺北縣立頂溪國小畢業;臺灣省立板橋中學畢業;私立開南高級商工職業學校畢業;,臺北縣永和市第3屆市民代表;臺北縣永和市第4屆代表會副主席;臺北縣永和市第5、6屆市長;臺北縣鄉鎮市長聯誼會會長;新北市立新店高中文教基金會董事長;中華民國第5、6、7、8屆立法委員;開南大學副董事長;國立政治大學法律實務班結業;  ;,http://www.ly.gov.tw//Images/Legislators/90033.jpg,否,NA,NA,NA
9,林靜儀,Lin Ching-Yi,女,民主進步黨,民主進步黨,全國不分區及僑居國外國民,第9屆第1會期：社會福利及衛生環境委員會;第9屆第1會期：程序委員會;第9屆第2會期：社會福利及衛生環境委員會;第9屆第2會期：程序委員會;第9屆第3會期：社會福利及衛生環境委員會;第9屆第4會期：社會福利及衛生環境委員會;第9屆第4會期：紀律委員會;第9屆第5會期：社會福利及衛生環境委員會;第9屆第5會期：程序委員會;第9屆第6會期：社會福利及衛生環境委員會;第9屆第6會期：程序委員會;第9屆第7會期：外交及國防委員會;第9屆第7會期：程序委員會;第9屆第8會期：程序委員會;第9屆第0會期：社會福利及衛生環境委員會;第9屆第8會期：外交及國防委員會;,2016-02-01,台大分子醫學研究所碩士;中山醫學大學醫學研究所碩士;,中山醫學大學醫學研究所博士候選人;民進黨中央黨部婦女發展部主任;中山醫大附設醫院產科主任;行政院婦權會委員;  ;,http://www.ly.gov.tw//Images/Legislators/90034.jpg,否,NA,NA,NA
9,林麗蟬,Lin Li-Chan,女,中國國民黨,中國國民黨,全國不分區及僑居國外國民,第9屆第1會期：內政委員會;第9屆第2會期：內政委員會;第9屆第3會期：內政委員會;第9屆第4會期：內政委員會;第9屆第5會期：外交及國防委員會;第9屆第6會期：外交及國防委員會;第9屆第7會期：內政委員會;第9屆第7會期：經費稽核委員會;第9屆第8會期：內政委員會;第9屆第8會期：經費稽核委員會;,2016-02-01,國立暨南國際大學非營利組織經營管理研究所碩士;建國科技大學美容系;靜宜大學社會工作與兒童少年福利學系學分班;,行政院青年顧問(104年新住民二代海外培力計畫發起人);行政院新住民事務協調會報委員;內政部外籍配偶照顧輔導基金委員(任期102-105);彰化縣新住民事務委員會委員;社團法人臺灣新移民發展與交流協會理事長(任期100-105);花壇鄉長春社區發展協會總幹,http://www.ly.gov.tw//Images/Legislators/90035.jpg,否,NA,NA,NA
9,邱志偉,Chiu Chih-Wei,男,民主進步黨,民主進步黨,高雄市第2選舉區,第9屆第1會期：經濟委員會;第9屆第1會期：經費稽核委員會;第9屆第2會期：經濟委員會;第9屆第2會期：經費稽核委員會;第9屆第3會期：經濟委員會;第9屆第4會期：經濟委員會;第9屆第4會期：紀律委員會;第9屆第5會期：外交及國防委員會;第9屆第6會期：外交及國防委員會;第9屆第6會期：紀律委員會;第9屆第7會期：經濟委員會;第9屆第8會期：經濟委員會;,2016-02-01,淡江大學俄羅斯研究所法學碩士;國立臺灣大學國家發展研究所法學碩士;國立中山大學大陸研究所社會科學博士;,第8屆立法委員;高雄市政府民政局長;高雄縣政府民政處長;高雄縣政府新聞室主任;修憲國民大會代表;立陶宛維爾紐斯大學講座教授;愛沙尼亞塔圖大學講座教授;南華大學旅遊管理學專任系助理教授;正修科技大學兼任助理教授;實踐大學兼任助理教授;英國劍橋大學國際關係研究,http://www.ly.gov.tw//Images/Legislators/90036.jpg,否,NA,NA,NA
9,邱議瑩,Chiu Yi-Ying,女,民主進步黨,民主進步黨,高雄市第1選舉區,第9屆第1會期：經濟委員會;第9屆第2會期：經濟委員會;第9屆第3會期：經濟委員會;第9屆第3會期：紀律委員會;第9屆第4會期：經濟委員會;第9屆第5會期：經濟委員會;第9屆第6會期：經濟委員會;第9屆第7會期：經濟委員會;第9屆第8會期：經濟委員會;,2016-02-01,高雄市道明高中;美國舊金山多明尼肯大學企管研究所碩士;,第3屆國民大會代表;第8、9屆民進黨中央常務委員;行政院客家委員會副主委;第5、7、8屆立法委員;  ;,http://www.ly.gov.tw//Images/Legislators/90037.jpg,否,NA,NA,NA
9,姚文智,Yao Wen-Chih,男,民主進步黨,民主進步黨,臺北市第2選舉區,第9屆第1會期：內政委員會;第9屆第2會期：內政委員會;第9屆第3會期：內政委員會;第9屆第3會期：紀律委員會;第9屆第4會期：內政委員會;第9屆第5會期：內政委員會;第9屆第6會期：內政委員會;,2016-02-01,輔仁大學大眾傳播系學士;政治大學政治研究所碩士;,自由時報記者、編輯;高雄市新聞處長、副秘書長;愛河整治工作小組召集人;文建會公共藝術獎共同得獎人;台視董事兼文化公司總經理;行政院新聞局長;蘭雅國中、輔大、政大社科院傑出校友;2014年柯文哲競選臺北市市長後援會總會長;士林大同選出立法委員;  ;,http://www.ly.gov.tw//Images/Legislators/90038.jpg,是,2018-11-18,NA,NA
9,柯志恩,Ko Chih-En,女,中國國民黨,中國國民黨,全國不分區及僑居國外國民,第9屆第1會期：教育及文化委員會;第9屆第2會期：教育及文化委員會;第9屆第3會期：教育及文化委員會;第9屆第3會期：紀律委員會;第9屆第4會期：教育及文化委員會;第9屆第5會期：教育及文化委員會;第9屆第5會期：程序委員會;第9屆第6會期：教育及文化委員會;第9屆第6會期：程序委員會;第9屆第7會期：程序委員會;第9屆第7會期：教育及文化委員會;第9屆第8會期：程序委員會;第9屆第8會期：教育及文化委員會;,2016-02-01,美國南加大教育心理學博士;,美國密西根州立大學教育碩士;國立政治大學教育系學士;淡江大學學務長、淡江大學教心所專任教授、高等教育評鑑中心心理學門評鑑委員;  ;,http://www.ly.gov.tw//Images/Legislators/90039.jpg,否,NA,NA,NA
9,柯建銘,Ker Chien-Ming,男,民主進步黨,民主進步黨,新竹市選舉區,第9屆第1會期：司法及法制委員會;第9屆第2會期：司法及法制委員會;第9屆第3會期：司法及法制委員會;第9屆第4會期：司法及法制委員會;第9屆第5會期：司法及法制委員會;第9屆第6會期：司法及法制委員會;第9屆第7會期：司法及法制委員會;第9屆第8會期：司法及法制委員會;,2016-02-01,新竹國小;新竹一中(建華國中);新竹中學;中山醫學大學牙醫科;,民進黨第2、3、4、5、6、7、8屆立法委員;立法院民進黨黨團第5、6、7、8屆總召集人;民進黨中常委、財委會主任委員;民進黨政策會執行長;總統府九人決策小組成員;民進黨代理主席(2004.12~2005.01；2011.3~2011.5);  ;,http://www.ly.gov.tw//Images/Legislators/90040.jpg,否,NA,NA,NA
9,段宜康,Tuan Yi-kang,男,民主進步黨,民主進步黨,全國不分區及僑居國外國民,第9屆第1會期：司法及法制委員會;第9屆第1會期：程序委員會;第9屆第1會期：紀律委員會;第9屆第2會期：司法及法制委員會;第9屆第2會期：程序委員會;第9屆第3會期：司法及法制委員會;第9屆第3會期：程序委員會;第9屆第3會期：紀律委員會;第9屆第4會期：司法及法制委員會;第9屆第4會期：程序委員會;第9屆第5會期：司法及法制委員會;第9屆第5會期：紀律委員會;第9屆第6會期：司法及法制委員會;第9屆第7會期：司法及法制委員會;第9屆第7會期：紀律委員會;第9屆第8會期：司法及法制委員會;第9屆第8會期：紀律委員會;,2016-02-01,國立臺灣大學政治學系學士;,第7、8屆臺北市議員;第5、8屆立法委員;民進黨政策會執行長;  ;,http://www.ly.gov.tw//Images/Legislators/90041.jpg,否,NA,NA,NA
9,洪宗熠,Hung Chun-Yi,男,民主進步黨,民主進步黨,彰化縣第3選舉區,第9屆第1會期：內政委員會;第9屆第2會期：內政委員會;第9屆第3會期：內政委員會;第9屆第4會期：內政委員會;第9屆第5會期：內政委員會;第9屆第6會期：內政委員會;第9屆第7會期：內政委員會;第9屆第8會期：內政委員會;,2016-02-01,國立彰化師範大學行政管理碩士;國立中興大學公共行政系法學士;,第15、16、17、18屆彰化縣議員;  ;,http://www.ly.gov.tw//Images/Legislators/90042.jpg,否,NA,NA,NA
9,洪慈庸,Hung Tzu-Yung,女,無黨籍,0無,臺中市第3選舉區,第9屆第1會期：社會福利及衛生環境委員會;第9屆第2會期：社會福利及衛生環境委員會;第9屆第3會期：交通委員會;第9屆第4會期：交通委員會;第9屆第5會期：教育及文化委員會;第9屆第6會期：經費稽核委員會;第9屆第6會期：教育及文化委員會;第9屆第7會期：司法及法制委員會;第9屆第8會期：司法及法制委員會;,2016-02-01,后里區內埔國小;臺中市后里國中;國立台中商專;國立高雄第一科技大學行銷與流通管理學系;,時代力量黨青年事務委員會召集人;臺灣青年基金會副執行長;洪仲丘事件洪家對外代表;遠綠科技公司專案經理;GfK捷孚凱行銷研究顧問公司零售通路服務專員;  ;,http://www.ly.gov.tw//Images/Legislators/90043.jpg,否,NA,NA,NA
9,徐永明,Hsu Yung-Ming,男,時代力量,時代力量,全國不分區及僑居國外國民,第9屆第1會期：經濟委員會;第9屆第1會期：程序委員會;第9屆第2會期：經濟委員會;第9屆第2會期：程序委員會;第9屆第3會期：經濟委員會;第9屆第3會期：經費稽核委員會;第9屆第4會期：經濟委員會;第9屆第4會期：經費稽核委員會;第9屆第5會期：財政委員會;第9屆第6會期：財政委員會;第9屆第7會期：經濟委員會;第9屆第7會期：經費稽核委員會;第9屆第8會期：經濟委員會;第9屆第8會期：經費稽核委員會;,2016-02-01,建國中學;國立臺灣大學政治學系;美國密西根大學政治學博士;,中研院助理研究員;行政院研考會委員;行政院公投審議委員;公民監督國會聯盟學術委員;時代力量政策小組召集人;財團法人臺灣智庫執行委員;新臺灣國策智庫民調中心主任;東吳大學政治系教授;  ;,http://www.ly.gov.tw//Images/Legislators/90044.jpg,否,NA,NA,NA
9,徐志榮,Hsu Chih-Jung,男,中國國民黨,中國國民黨,苗栗縣第2選舉區,第9屆第1會期：外交及國防委員會;第9屆第2會期：外交及國防委員會;第9屆第3會期：社會福利及衛生環境委員會;第9屆第4會期：社會福利及衛生環境委員會;第9屆第5會期：社會福利及衛生環境委員會;第9屆第6會期：社會福利及衛生環境委員會;第9屆第7會期：社會福利及衛生環境委員會;第9屆第7會期：紀律委員會;第9屆第8會期：社會福利及衛生環境委員會;,2016-02-01,省立苗栗高中畢業 ;日本國立石川高等職業學校畢業;,第8屆立法委員 ;行政院政務顧問 ;苗栗縣公館鄉第13、14屆鄉長 ;苗栗縣體育會理事長 ;苗栗縣徐氏宗親會副理事長 ;苗栗縣義消總隊總隊長 ;苗栗縣後備指揮部顧問;  ;,http://www.ly.gov.tw//Images/Legislators/90045.jpg,否,NA,NA,NA
9,徐國勇,Hsu Kuo-Yung,男,民主進步黨,民主進步黨,全國不分區及僑居國外國民,第9屆第1會期：財政委員會;第9屆第1會期：紀律委員會;第9屆第1會期：經費稽核委員會;,2016-02-01,省立台北師專啟智教育組畢業;國立中興大學法律系法學士;國立台灣海洋大學海洋法律研究所法學碩士、法學博士;,教師;律師;臺北市議員;立法委員;電視、電台節目主持人;國際獅子會300A2區總監(2005-2006);  ;,http://www.ly.gov.tw//Images/Legislators/90046.jpg,是,2016-10-01,NA,NA
9,徐榛蔚,Hsu Chen-Wei,女,中國國民黨,中國國民黨,全國不分區及僑居國外國民,第9屆第1會期：內政委員會;第9屆第2會期：內政委員會;第9屆第3會期：交通委員會;第9屆第4會期：交通委員會;第9屆第5會期：交通委員會;第9屆第6會期：交通委員會;,2016-02-01,中國文化大學;,2016朱立倫總統選舉花蓮競選總部主委;2008及2012馬英九總統選舉後援會婦女幹部領袖;救國團花蓮團委會主委;花蓮縣巡守大隊長及國際崇她社長;  ;,http://www.ly.gov.tw//Images/Legislators/90047.jpg,是,2018-12-25,NA,NA
9,馬文君,Ma Wen-Chun,女,中國國民黨,中國國民黨,南投縣第1選舉區,第9屆第1會期：外交及國防委員會;第9屆第2會期：外交及國防委員會;第9屆第3會期：外交及國防委員會;第9屆第4會期：外交及國防委員會;第9屆第4會期：紀律委員會;第9屆第5會期：外交及國防委員會;第9屆第6會期：外交及國防委員會;第9屆第6會期：紀律委員會;第9屆第7會期：外交及國防委員會;第9屆第8會期：外交及國防委員會;,2016-02-01,逢甲大學經營管理碩士 ;嘉南藥專(嘉南藥理科技大學)藥理科畢業 ;大成國中;育英國小;,第7、8屆立法委員;立法院外交及國防委員會召集委員;南投縣婦工會總會長;南投縣民防總隊義警大隊大隊長;第14、15屆埔里鎮長;南投縣第13屆縣議員;弘道老人福利基金會助老委員;南投縣家扶中心委員;  ;,http://www.ly.gov.tw//Images/Legislators/90048.jpg,否,NA,NA,NA
9,高志鵬,Gao Jyh-Peng,男,民主進步黨,民主進步黨,新北市第3選舉區,第9屆第1會期：經濟委員會;第9屆第2會期：經濟委員會;第9屆第3會期：經濟委員會;第9屆第3會期：紀律委員會;第9屆第4會期：經濟委員會;第9屆第5會期：經濟委員會;第9屆第5會期：紀律委員會;第9屆第6會期：經濟委員會;,2016-02-01,建國中學;輔仁大學法律系財經法律組;臺灣大學EMBA;,台灣啤酒籃球隊總領隊;名陽法律事務所執業律師;民進黨臺北市黨部主任委員;民進黨中央執行委員、中央常務委員;民進黨中央評議委員會主任委員;第5、6、7、8屆立法委員;台韓國會議員聯誼會會長;立法院民進黨團書記長;立法院民進黨團幹事長;2014年通過ISO90,http://www.ly.gov.tw//Images/Legislators/90049.jpg,是,2018-12-26,NA,NA
9,高金素梅,Kao Chin Su-Mei,女,無黨團結聯盟,親民黨,山地原住民,第9屆第1會期：教育及文化委員會;第9屆第1會期：經費稽核委員會;第9屆第2會期：教育及文化委員會;第9屆第2會期：經費稽核委員會;第9屆第3會期：教育及文化委員會;第9屆第3會期：經費稽核委員會;第9屆第4會期：教育及文化委員會;第9屆第4會期：經費稽核委員會;第9屆第5會期：教育及文化委員會;第9屆第6會期：教育及文化委員會;第9屆第6會期：紀律委員會;第9屆第7會期：紀律委員會;第9屆第7會期：教育及文化委員會;第9屆第8會期：紀律委員會;第9屆第8會期：教育及文化委員會;,2016-02-01,青年高中畢業;中央民族大學-民族學;,財團法人肝炎防治基金會終身義工;台灣原住民親善大使;消防大使;臺灣原住民防災救難協會榮譽顧問;第5、6、7、8屆立法委員;  ;,http://www.ly.gov.tw//Images/Legislators/90050.jpg,否,NA,NA,NA
9,高潞‧以用‧巴魕剌Kawlo‧Iyun‧Pacidal,Kawlo．Iyun．Pacidal,女,時代力量,時代力量,全國不分區及僑居國外國民,第9屆第1會期：教育及文化委員會;第9屆第1會期：經費稽核委員會;第9屆第2會期：教育及文化委員會;第9屆第2會期：經費稽核委員會;第9屆第3會期：教育及文化委員會;第9屆第3會期：程序委員會;第9屆第4會期：教育及文化委員會;第9屆第4會期：程序委員會;第9屆第5會期：經濟委員會;第9屆第5會期：程序委員會;第9屆第6會期：經濟委員會;第9屆第6會期：程序委員會;第9屆第7會期：內政委員會;第9屆第7會期：程序委員會;,2016-02-01,臺北商專國貿科;世新大學新聞系;,世新大學法研所碩士班 ;國立台北教育大學文教法研所碩士班 ;小米穗原住民族文化基金會董事暨執行長 ;台灣原住民族政策協會理事;  ;,http://www.ly.gov.tw//Images/Legislators/90051.jpg,是,2019-09-04,NA,NA
9,張宏陸,Chang Hung-Lu,男,民主進步黨,民主進步黨,新北市第6選舉區,第9屆第1會期：司法及法制委員會;第9屆第2會期：司法及法制委員會;第9屆第3會期：內政委員會;第9屆第4會期：內政委員會;第9屆第5會期：內政委員會;第9屆第6會期：內政委員會;第9屆第7會期：內政委員會;第9屆第7會期：紀律委員會;第9屆第8會期：內政委員會;,2016-02-01,東吳大學政治系學士;國立臺北教育大學教育碩士;,文化大學美國研究所;新北市議員;臺北縣民政局長;板橋市代理市長;臺北縣長室秘書;行政院秘書;行政院反恐辦公室副主任;蘇貞昌立委團隊助理;民進黨臺北縣黨部執行長;  ;,http://www.ly.gov.tw//Images/Legislators/90052.jpg,否,NA,NA,NA
9,張廖萬堅,Chang Liao Wan-Chien,男,民主進步黨,民主進步黨,臺中市第4選舉區,第9屆第1會期：教育及文化委員會;第9屆第2會期：教育及文化委員會;第9屆第3會期：教育及文化委員會;第9屆第4會期：教育及文化委員會;第9屆第4會期：紀律委員會;第9屆第5會期：教育及文化委員會;第9屆第6會期：教育及文化委員會;第9屆第7會期：教育及文化委員會;第9屆第8會期：教育及文化委員會;,2016-02-01,東海大學EMBA高階管理學院碩士;東吳大學政治學研究所碩士班;輔仁大學大眾傳播系;國立台中一中;,民進黨中央黨部執行委員;大臺中直轄市第1、2屆市議員;第14、15、16屆臺中市議員;民進黨臺中市黨部第11屆主任委員;臺中市棒球委員會主任委員;中華民國棒球協會理事;  ;,http://www.ly.gov.tw//Images/Legislators/90053.jpg,否,NA,NA,NA
9,張麗善,Chang Li-Shan,女,中國國民黨,中國國民黨,全國不分區及僑居國外國民,第9屆第1會期：經濟委員會;第9屆第2會期：經濟委員會;第9屆第3會期：經濟委員會;第9屆第3會期：經費稽核委員會;第9屆第4會期：經濟委員會;第9屆第4會期：經費稽核委員會;第9屆第5會期：內政委員會;第9屆第6會期：內政委員會;,2016-02-01,雲林縣馬光國小;雲林縣土庫國中;臺中曉明女中;國立虎尾科技大學工業管理系;國立臺灣師範大學運動休閒管理研究所;,行政院雲嘉南區聯合服務中心執行長;雲林縣救國團主任委員;雲林縣青埔教育基金會董事長;中華民國第6屆立法委員;雲林縣日頭花姐妹協會理事長;  ;,http://www.ly.gov.tw//Images/Legislators/90054.jpg,是,2018-11-02,NA,NA
9,莊瑞雄,Chuang Jui-Hsiung,男,民主進步黨,民主進步黨,屏東縣第3選舉區,第9屆第1會期：內政委員會;第9屆第1會期：經費稽核委員會;第9屆第2會期：內政委員會;第9屆第2會期：經費稽核委員會;第9屆第3會期：外交及國防委員會;第9屆第4會期：外交及國防委員會;第9屆第5會期：經濟委員會;第9屆第6會期：經濟委員會;第9屆第7會期：經濟委員會;第9屆第8會期：經濟委員會;,2016-02-01,國立臺灣大學生物產業傳播暨發展學系博士候選人;國立臺灣大學農業經濟學系碩士 ;國立臺北大學企業管理學系碩士 ;國立臺灣大學法律學系學士;,第8屆立法委員;公民監督國會聯盟評鑑最優秀立法委員;律師;民進黨發言人;民進黨中央執行委員;第13、14屆民進黨臺北市黨部主委;第10、11屆臺北市議員;全民監督黨產聯盟執行長;中選會巡迴監察員;綠色和平電台主持人;台灣國家山岳協會理事長;  ;,http://www.ly.gov.tw//Images/Legislators/90055.jpg,否,NA,NA,NA
9,許淑華,Hsu Shu-Hua,女,中國國民黨,中國國民黨,南投縣第2選舉區,第9屆第1會期：司法及法制委員會;第9屆第2會期：司法及法制委員會;第9屆第2會期：紀律委員會;第9屆第3會期：社會福利及衛生環境委員會;第9屆第4會期：社會福利及衛生環境委員會;第9屆第5會期：社會福利及衛生環境委員會;第9屆第6會期：社會福利及衛生環境委員會;第9屆第7會期：交通委員會;第9屆第8會期：交通委員會;,2016-02-01,逢甲大學經營管理碩士畢;,第8屆立法委員;南投市第8、9屆市長;南投縣第15屆議員;中國國民黨18屆第3、4任及19屆第1、2、3、4任中常委;南投縣商業總會第21屆理事長;台灣省商業會94年十大傑出理事長;95年全國社會優秀青年;南投縣南開科技大學校友會理事長;南投縣跆拳道主任委,http://www.ly.gov.tw//Images/Legislators/90056.jpg,否,NA,NA,NA
9,許智傑,Hsu Chih-Chieh,男,民主進步黨,民主進步黨,高雄市第8選舉區,第9屆第1會期：教育及文化委員會;第9屆第2會期：教育及文化委員會;第9屆第3會期：教育及文化委員會;第9屆第3會期：紀律委員會;第9屆第4會期：教育及文化委員會;第9屆第5會期：司法及法制委員會;第9屆第6會期：司法及法制委員會;第9屆第7會期：教育及文化委員會;第9屆第8會期：教育及文化委員會;,2016-02-01,國立高雄師範大學科學教育研究所博士班;國立高雄師範大學教育碩士(1996);國立臺灣大學機械系學士(1988);高雄中學(1984);五甲國中(1981);五甲國小(1978);,立法院民進黨黨團第九屆第五會期書記長（2018）;第8屆立法委員(2012-2016);高雄市鳳山區區長(2010-2011);高雄縣鳳山市市長(2006-2010);高雄縣議員(2002-2006);鳳山市市民代表(1998-2002);  ;,http://www.ly.gov.tw//Images/Legislators/90057.jpg,否,NA,NA,NA
9,許毓仁,Hsu Yu-Jen,男,中國國民黨,中國國民黨,全國不分區及僑居國外國民,第9屆第1會期：司法及法制委員會;第9屆第2會期：司法及法制委員會;第9屆第3會期：外交及國防委員會;第9屆第4會期：外交及國防委員會;第9屆第5會期：司法及法制委員會;第9屆第6會期：司法及法制委員會;第9屆第7會期：內政委員會;第9屆第7會期：程序委員會;第9屆第8會期：程序委員會;第9屆第8會期：內政委員會;,2016-02-01,THNK 阿姆斯特丹創意領袖學院獎學金;國立政治大學英語系;,Singularity University奇點大學高階經理人計劃獎學金;行政院青年顧問團;教育廣播電台諮詢委員;教育部國教署諮詢委員;英國創意城市顧問Charles L:andry諮詢委員;PAN Asia Conference 2014 共同策展人;,http://www.ly.gov.tw//Images/Legislators/90058.jpg,否,NA,NA,NA
9,陳其邁,Chen Chi-Mai,男,民主進步黨,民主進步黨,全國不分區及僑居國外國民,第9屆第1會期：內政委員會;第9屆第1會期：紀律委員會;第9屆第2會期：內政委員會;第9屆第3會期：內政委員會;第9屆第3會期：程序委員會;第9屆第4會期：內政委員會;第9屆第4會期：程序委員會;第9屆第5會期：社會福利及衛生環境委員會;,2016-02-01,高雄中學畢業;中山醫學院醫學系畢業;國立臺灣大學公共衛生研究所預防醫學碩士;醫師檢覈考試及格;醫師高等考試及格;,1989長庚醫院醫師;1995立法委員(第3、4、5、8屆);2004擔任行政院政務委員;2005代理高雄市市長;2006英國倫敦政經學院任訪問學者;2007總統府副秘書長;2008民進黨副秘書長;2011民進黨政策委員會執行長;  ;,http://www.ly.gov.tw//Images/Legislators/90059.jpg,是,2018-11-03,NA,NA
9,陳宜民,Chen Yi-Ming,男,中國國民黨,中國國民黨,全國不分區及僑居國外國民,第9屆第1會期：社會福利及衛生環境委員會;第9屆第1會期：經費稽核委員會;第9屆第2會期：社會福利及衛生環境委員會;第9屆第2會期：經費稽核委員會;第9屆第3會期：社會福利及衛生環境委員會;第9屆第3會期：經費稽核委員會;第9屆第4會期：社會福利及衛生環境委員會;第9屆第4會期：經費稽核委員會;第9屆第5會期：社會福利及衛生環境委員會;第9屆第5會期：紀律委員會;第9屆第6會期：經費稽核委員會;第9屆第6會期：社會福利及衛生環境委員會;第9屆第6會期：程序委員會;第9屆第6會期：紀律委員會;第9屆第7會期：社會福利及衛生環境委員會;第9屆第7會期：程序委員會;第9屆第7會期：經費稽核委員會;第9屆第8會期：程序委員會;第9屆第8會期：社會福利及衛生環境委員會;第9屆第8會期：紀律委員會;第9屆第8會期：經費稽核委員會;,2016-02-01,國立陽明大學醫學士(第一屆);陽明大學微生物暨免疫學研究所第一屆碩士;美國哈佛大學公共衛生學院科學博士;美國國家衛生院癌症醫學中心分子腫瘤實險室博士後研究員;美國國家衛生院癌症醫學中心HIV抗藥研究計畫訪問科學家;,高雄醫學大學學術副校長、傳染病與癌症研究中心主任、醫學研究所特聘教授;國立中山大學生物醫學研究所合聘教授;國立高雄應用科技大學合聘教授;國立陽明大學兼任教授;臺北醫學大學兼任教授;「衛生福利部愛滋病防治及感染者權益保障會」政策工作小組召集人;法務部毒品審議,http://www.ly.gov.tw//Images/Legislators/90060.jpg,否,NA,NA,NA
9,陳怡潔,Chen Yi-Chieh,女,親民黨,親民黨,全國不分區及僑居國外國民,第9屆第1會期：內政委員會;第9屆第1會期：程序委員會;第9屆第2會期：內政委員會;第9屆第2會期：程序委員會;第9屆第3會期：內政委員會;第9屆第3會期：程序委員會;第9屆第4會期：內政委員會;第9屆第4會期：程序委員會;第9屆第5會期：內政委員會;第9屆第6會期：內政委員會;第9屆第7會期：內政委員會;第9屆第8會期：內政委員會;,2016-02-01,銘傳大學管理學院研究所博士;,第8屆親民黨全國不分區立法委員;臺北市政府青年事務委員會副主任委員;銘傳大學管理學院助理教授;德明財經科技大學助理教授;康寧護專企管科講師;財團法人臺北市陳安文教基金會執行長;  ;,http://www.ly.gov.tw//Images/Legislators/90061.jpg,否,NA,NA,NA
9,陳明文,Chen Ming-Wen,男,民主進步黨,民主進步黨,嘉義縣第2選舉區,第9屆第1會期：經濟委員會;第9屆第2會期：經濟委員會;第9屆第3會期：經濟委員會;第9屆第4會期：經濟委員會;第9屆第5會期：交通委員會;第9屆第6會期：交通委員會;第9屆第6會期：紀律委員會;第9屆第7會期：交通委員會;第9屆第8會期：交通委員會;,2016-02-01,私立東海大學哲學系畢業;,嘉義縣議會第9屆議員、第10屆議長;臺灣省議會第8、9、10屆議員;第4屆立法委員;嘉義縣第14、15屆縣長;第7、8屆立法委員;  ;,http://www.ly.gov.tw//Images/Legislators/90062.jpg,否,NA,NA,NA
9,陳亭妃,Chen Ting-Fei,女,民主進步黨,民主進步黨,臺南市第3選舉區,第9屆第1會期：外交及國防委員會;第9屆第2會期：外交及國防委員會;第9屆第3會期：教育及文化委員會;第9屆第4會期：教育及文化委員會;第9屆第5會期：教育及文化委員會;第9屆第6會期：教育及文化委員會;第9屆第6會期：紀律委員會;第9屆第7會期：經濟委員會;第9屆第8會期：經濟委員會;,2016-02-01,長榮大學經營管理學研究所碩士;文化大學;家齊女中;中山國中;協進國小;,第7、8屆立法委員;立法院民進黨團書記長、副書記長、副幹事長;立法院國防外交委員會召委;立法院教育文化委員會召委;民進黨中常委;民進黨中執委;民進黨2014市長議員選舉對策委員會委員;臺南市議員;  ;,http://www.ly.gov.tw//Images/Legislators/90063.jpg,否,NA,NA,NA
9,陳素月,Chen Su-Yueh,女,民主進步黨,民主進步黨,彰化縣第4選舉區,第9屆第1會期：交通委員會;第9屆第2會期：交通委員會;第9屆第3會期：交通委員會;第9屆第4會期：交通委員會;第9屆第4會期：紀律委員會;第9屆第5會期：交通委員會;第9屆第6會期：交通委員會;第9屆第7會期：交通委員會;第9屆第8會期：交通委員會;,2016-02-01,文化大學史學研究所碩士;文化大學史學系;台中女中;南投縣名間國中、僑興國小;,第8屆立法委員;第16、17屆彰化縣議員;國立空中大學講師;財團法人拓展文教基金會執行長;立法委員魏明谷國會助理;大葉大學兼任講師;民主進步黨第10~16屆全國黨員代表;彰化縣南投同鄉會總幹事;員林百果山獅子會第21屆會長;  ;,http://www.ly.gov.tw//Images/Legislators/90064.jpg,否,NA,NA,NA
9,陳曼麗,Chen Man-Li,女,民主進步黨,民主進步黨,全國不分區及僑居國外國民,第9屆第1會期：社會福利及衛生環境委員會;第9屆第1會期：程序委員會;第9屆第2會期：社會福利及衛生環境委員會;第9屆第2會期：程序委員會;第9屆第3會期：社會福利及衛生環境委員會;第9屆第3會期：程序委員會;第9屆第3會期：經費稽核委員會;第9屆第4會期：社會福利及衛生環境委員會;第9屆第4會期：程序委員會;第9屆第4會期：經費稽核委員會;第9屆第5會期：社會福利及衛生環境委員會;第9屆第6會期：社會福利及衛生環境委員會;第9屆第7會期：外交及國防委員會;第9屆第7會期：程序委員會;第9屆第7會期：經費稽核委員會;第9屆第8會期：程序委員會;第9屆第8會期：外交及國防委員會;第9屆第8會期：經費稽核委員會;,2016-02-01,美國聖地牙哥國家大學公共行政管理碩士;,主婦聯盟環境保護基金會董事長;台灣婦女團體全國聯合會理事長;行政院國家永續發展委員會委員;法律扶助基金會董事;  ;,http://www.ly.gov.tw//Images/Legislators/90065.jpg,否,NA,NA,NA
9,陳雪生,Chen Hsueh-Sheng,男,中國國民黨,中國國民黨,連江縣選舉區,第9屆第1會期：交通委員會;第9屆第1會期：紀律委員會;第9屆第2會期：交通委員會;第9屆第2會期：紀律委員會;第9屆第3會期：交通委員會;第9屆第4會期：交通委員會;第9屆第5會期：交通委員會;第9屆第6會期：交通委員會;第9屆第7會期：交通委員會;第9屆第7會期：紀律委員會;第9屆第8會期：交通委員會;,2016-02-01,省立豐原商職畢業;,第3屆國大代表;第3、4屆連江縣縣長;雪源文教基金會董事長;馬祖馬尾經貿交流協會理事長;國立馬祖高中校友會理事長 ;連江縣體育會理事長;第8屆連江縣立法委員;  ;,http://www.ly.gov.tw//Images/Legislators/90066.jpg,否,NA,NA,NA
9,陳超明,Chen Chao-Ming,男,中國國民黨,中國國民黨,苗栗縣第1選舉區,第9屆第1會期：內政委員會;第9屆第2會期：內政委員會;第9屆第2會期：紀律委員會;第9屆第3會期：經濟委員會;第9屆第4會期：經濟委員會;第9屆第5會期：經濟委員會;第9屆第6會期：經濟委員會;第9屆第6會期：紀律委員會;第9屆第7會期：經濟委員會;第9屆第8會期：經濟委員會;第9屆第8會期：紀律委員會;,2016-02-01,新竹縣竹東高中 ;國立政治大學公共行政學系;,苗栗縣第12、13屆縣議員 ;第10屆省議員 ;第4、8屆立法委員 ;總統府顧問 ;行政院顧問;  ;,http://www.ly.gov.tw//Images/Legislators/90067.jpg,否,NA,NA,NA
9,陳歐珀,Chen Ou-Po,男,民主進步黨,民主進步黨,宜蘭縣選舉區,第9屆第1會期：交通委員會;第9屆第2會期：交通委員會;第9屆第3會期：交通委員會;第9屆第3會期：紀律委員會;第9屆第4會期：交通委員會;第9屆第5會期：交通委員會;第9屆第6會期：交通委員會;第9屆第7會期：交通委員會;第9屆第8會期：交通委員會;,2016-02-01,國立中興大學森林研究所碩士;國立中興大學森林所學士;省立宜蘭高級中學;,第8屆立法委員;國立臺灣大學環工所博士生;宜蘭縣政府機要秘書;勞委會羅東、新店就業服務站站長;國民大會代表;民進黨宜蘭縣黨部主任委員;臺灣省第10屆臺灣省議會議員;三星鄉代理鄉長（創辦蔥蒜節）;國立宜蘭大學兼任講師;林業科高考及格;  ;,http://www.ly.gov.tw//Images/Legislators/90068.jpg,否,NA,NA,NA
9,陳瑩,Chen Ying,女,民主進步黨,民主進步黨,平地原住民,第9屆第1會期：社會福利及衛生環境委員會;第9屆第2會期：社會福利及衛生環境委員會;第9屆第2會期：紀律委員會;第9屆第3會期：社會福利及衛生環境委員會;第9屆第3會期：紀律委員會;第9屆第4會期：社會福利及衛生環境委員會;第9屆第5會期：社會福利及衛生環境委員會;第9屆第6會期：社會福利及衛生環境委員會;第9屆第7會期：社會福利及衛生環境委員會;第9屆第8會期：社會福利及衛生環境委員會;,2016-02-01,美國伊利諾大學香檳校園音樂系博士班畢業;美國伊利諾大學香檳校園音樂系碩士班畢業;美國舊金山音樂學院學士畢業;美國夏威夷楊百翰大學學士肄業;高雄文藻外語大學畢業;,第6屆平地原住民立法委員;第7屆不分區立法委員;第7屆第4會期社會福利及衛生福利環境委員會召集委員;第7屆第6會期外交國防委員會召委;立法院民主進步黨團團書記長;民主進步黨中央常務委員;美國伊俐諾大學香檳校園教學助理;  ;,http://www.ly.gov.tw//Images/Legislators/90069.jpg,否,NA,NA,NA
9,陳學聖,ChenShei-Saint,男,中國國民黨,中國國民黨,桃園市第3選舉區,第9屆第1會期：教育及文化委員會;第9屆第1會期：紀律委員會;第9屆第2會期：教育及文化委員會;第9屆第2會期：紀律委員會;第9屆第3會期：教育及文化委員會;第9屆第4會期：教育及文化委員會;第9屆第4會期：紀律委員會;第9屆第5會期：教育及文化委員會;第9屆第6會期：教育及文化委員會;第9屆第7會期：教育及文化委員會;第9屆第8會期：教育及文化委員會;,2016-02-01,建國中學;國立臺灣大學政治學系學士;淡江大學中國大陸研究所碩士;,第4、5、8屆立法委員;桃園縣政府文化局局長;中國國民黨桃園縣、市黨部主委;亞洲電台資深主持人;中華民國保護動物協會理事長;中華民國腦性麻痺協會理事長;中國時報撰述委員;  ;,http://www.ly.gov.tw//Images/Legislators/90070.jpg,否,NA,NA,NA
9,陳賴素美,Chen Lai Su-Mei,女,民主進步黨,民主進步黨,桃園市第2選舉區,第9屆第1會期：財政委員會;第9屆第2會期：財政委員會;第9屆第3會期：財政委員會;第9屆第3會期：經費稽核委員會;第9屆第4會期：財政委員會;第9屆第4會期：經費稽核委員會;第9屆第5會期：財政委員會;第9屆第6會期：財政委員會;第9屆第7會期：財政委員會;第9屆第8會期：財政委員會;,2016-02-01,萬能科技大學學士畢業;國立新竹高商;,第9屆立法委員;民主進步黨中央執行委員;中央大學EMBA企管碩士班;國家地政士特考及格;桃園市議會第1屆市議員;桃園縣議會第16、17屆議員;民主進步黨桃園市黨部主任委員;桃園市陳姓宗親會副會長;桃園市賴姓宗親會副會長;楊光國中小家長會長;桃園市大聨盟棒壘,http://www.ly.gov.tw//Images/Legislators/90071.jpg,否,NA,NA,NA
9,曾銘宗,TsengMing-chung,男,中國國民黨,中國國民黨,全國不分區及僑居國外國民,第9屆第1會期：財政委員會;第9屆第1會期：程序委員會;第9屆第2會期：財政委員會;第9屆第2會期：程序委員會;第9屆第3會期：內政委員會;第9屆第3會期：程序委員會;第9屆第3會期：紀律委員會;第9屆第4會期：內政委員會;第9屆第4會期：程序委員會;第9屆第5會期：財政委員會;第9屆第5會期：程序委員會;第9屆第6會期：財政委員會;第9屆第6會期：程序委員會;第9屆第7會期：財政委員會;第9屆第7會期：經費稽核委員會;第9屆第7會期：程序委員會;第9屆第8會期：程序委員會;第9屆第8會期：財政委員會;第9屆第8會期：經費稽核委員會;,2016-02-01,臺北大學企業管理研究所博士;高雄第一科技大學名譽博士;,合作金庫銀行副總經理、總經理;金融監督管理委員會銀行局副局長、檢查局局長;財政部常務次長、政務次長兼國安基金執行秘書;財政部政務次長兼臺灣金控暨臺灣銀行董事長;金融監督管理委員會主任委員;台北大學講座教授;其他事項：;一、財政部次長(2008年-2013年,http://www.ly.gov.tw//Images/Legislators/90072.jpg,否,NA,NA,NA
9,費鴻泰,Fai Hrong-Tai,男,中國國民黨,中國國民黨,臺北市第7選舉區,第9屆第1會期：財政委員會;第9屆第2會期：財政委員會;第9屆第3會期：財政委員會;第9屆第4會期：財政委員會;第9屆第4會期：紀律委員會;第9屆第5會期：財政委員會;第9屆第6會期：經費稽核委員會;第9屆第6會期：財政委員會;第9屆第7會期：財政委員會;第9屆第8會期：財政委員會;第9屆第8會期：紀律委員會;,2016-02-01,美國肯塔基大學統計學博士;美國北伊利諾大學統計學碩士;國立中興大學統計學學士;成功高中;大安國中;三興國小;信義國小;,立法委員（94年迄今）;國民黨中央常務委員;立法院國民黨團書記長;立法院財政委員會召集委員;立法院程序委員會召集委員;立法院經費稽核委員會委員;臺北市議會副議長（87-91年）;臺北市議會議員（83-93年）;  ;,http://www.ly.gov.tw//Images/Legislators/90073.jpg,否,NA,NA,NA
9,黃秀芳,Huang Shiou-Fang,女,民主進步黨,民主進步黨,彰化縣第2選舉區,第9屆第1會期：社會福利及衛生環境委員會;第9屆第2會期：社會福利及衛生環境委員會;第9屆第3會期：社會福利及衛生環境委員會;第9屆第4會期：社會福利及衛生環境委員會;第9屆第5會期：社會福利及衛生環境委員會;第9屆第6會期：社會福利及衛生環境委員會;第9屆第7會期：社會福利及衛生環境委員會;第9屆第8會期：社會福利及衛生環境委員會;,2016-02-01,靜宜大學外文系畢業;,彰化縣第16、17、18屆縣議員;台灣關懷婦女協會理事長;關懷文教基金會執行長;立法委員周清玉國會辦公室主任;  ;,http://www.ly.gov.tw//Images/Legislators/90074.jpg,否,NA,NA,NA
9,黃昭順,Huang Chao-Shun,女,中國國民黨,中國國民黨,全國不分區及僑居國外國民,第9屆第1會期：內政委員會;第9屆第1會期：紀律委員會;第9屆第2會期：內政委員會;第9屆第3會期：內政委員會;第9屆第4會期：內政委員會;第9屆第5會期：內政委員會;第9屆第6會期：內政委員會;第9屆第6會期：經費稽核委員會;第9屆第6會期：紀律委員會;第9屆第7會期：內政委員會;第9屆第8會期：內政委員會;,2016-02-01,國立中山大學高階經營碩士;高雄醫學大學藥學系;省立臺南女中;,高雄市議會1~3屆市議員;第2~8屆立法委員;行政院婦女權益促進委員會委員;婦女工作會主任;  ;,http://www.ly.gov.tw//Images/Legislators/90075.jpg,否,NA,NA,NA
9,黃偉哲,Huang Wei-Che,男,民主進步黨,民主進步黨,臺南市第2選舉區,第9屆第1會期：經濟委員會;第9屆第1會期：經費稽核委員會;第9屆第2會期：經濟委員會;第9屆第2會期：紀律委員會;第9屆第2會期：經費稽核委員會;第9屆第3會期：經濟委員會;第9屆第4會期：經濟委員會;第9屆第5會期：外交及國防委員會;第9屆第6會期：外交及國防委員會;,2016-02-01,國立臺灣大學學士;美國耶魯大學碩士;美國哈佛大學碩士;,立法院第6、7、8屆立法委員;國民大會代表;台南縣議員;行政院顧問;行政院農業委員會專門委員;  ;,http://www.ly.gov.tw//Images/Legislators/90076.jpg,是,2018-12-25,NA,NA
9,黃國昌,Huang Kuo-Chang,男,時代力量,時代力量,新北市第12選舉區,第9屆第1會期：財政委員會;第9屆第2會期：財政委員會;第9屆第3會期：財政委員會;第9屆第4會期：財政委員會;第9屆第5會期：司法及法制委員會;第9屆第6會期：司法及法制委員會;第9屆第7會期：財政委員會;第9屆第8會期：財政委員會;,2016-02-01,臺灣大學法律系學士;美國康乃爾大學法學博士;,前中央研究院法律學研究所研究員;臺灣大學、台北大學兼任副教授;美國傅爾布萊特獎訪問學人;執業律師、司法官特考及格;澄社社長;台灣法學會理事、秘書長;  ;,http://www.ly.gov.tw//Images/Legislators/90077.jpg,否,NA,NA,NA
9,黃國書,Huang Kuo-Shu,男,民主進步黨,民主進步黨,臺中市第6選舉區,第9屆第1會期：教育及文化委員會;第9屆第1會期：紀律委員會;第9屆第2會期：教育及文化委員會;第9屆第3會期：交通委員會;第9屆第4會期：交通委員會;第9屆第5會期：教育及文化委員會;第9屆第6會期：教育及文化委員會;第9屆第7會期：教育及文化委員會;第9屆第8會期：教育及文化委員會;,2016-02-01,國立中興大學國際政治研究所碩士;國立臺北藝術大學;國立臺中一中;,第8屆立法委員;臺中市議員（連任五屆）;民進黨第7屆中央評議委員;臺中市醫師公會顧問;臺中市棒球委員會副主委;臺中市圍棋協會理事長;臺中一中校友會監事;臺中市書法協會理事;臺中市西屯扶輪社社友;  ;,http://www.ly.gov.tw//Images/Legislators/90078.jpg,否,NA,NA,NA
9,楊曜,Yang Yao,男,民主進步黨,民主進步黨,澎湖縣選舉區,第9屆第1會期：社會福利及衛生環境委員會;第9屆第2會期：社會福利及衛生環境委員會;第9屆第3會期：社會福利及衛生環境委員會;第9屆第4會期：社會福利及衛生環境委員會;第9屆第5會期：社會福利及衛生環境委員會;第9屆第6會期：社會福利及衛生環境委員會;第9屆第7會期：社會福利及衛生環境委員會;第9屆第8會期：社會福利及衛生環境委員會;,2016-02-01,東海大學法律系;,民進黨澎湖縣黨部主任委員;澎湖縣議員;立法委員;  ;,http://www.ly.gov.tw//Images/Legislators/90079.jpg,否,NA,NA,NA
9,楊鎮浯,Yang Cheng-Wu,男,中國國民黨,中國國民黨,金門縣選舉區,第9屆第1會期：內政委員會;第9屆第2會期：內政委員會;第9屆第3會期：司法及法制委員會;第9屆第4會期：司法及法制委員會;第9屆第5會期：內政委員會;第9屆第5會期：紀律委員會;第9屆第6會期：內政委員會;,2016-02-01,金門高中;文化大學經濟系;英國西敏大學企管碩士;,金控公司襄理;金門縣政府機要秘書;金門縣政府交通旅遊局專員;金門縣政府交通旅遊局局長;金門縣政府觀光處處長;中國國民黨大陸事務部副主任;  ;,http://www.ly.gov.tw//Images/Legislators/90080.jpg,是,2018-12-25,NA,NA
9,葉宜津,Yeh Yi-Jin,女,民主進步黨,民主進步黨,臺南市第1選舉區,第9屆第1會期：交通委員會;第9屆第1會期：紀律委員會;第9屆第2會期：交通委員會;第9屆第3會期：司法及法制委員會;第9屆第4會期：司法及法制委員會;第9屆第5會期：交通委員會;第9屆第6會期：交通委員會;第9屆第7會期：交通委員會;第9屆第8會期：交通委員會;第9屆第8會期：紀律委員會;,2016-02-01,美國Bridgeport大學音樂碩士;奧地利維也納音樂學院畢業;,第4、5、6、7、8屆立法委員;公民監督國會聯盟唯一評鑑滿分立委;澄社評鑑連續多年獲得表現優秀立委;商業周刊評鑑優秀立委;2007年美國國務院「菁英計畫」訪問學人;民進黨中央黨部婦女部主任;民進黨立法院黨團總幹事、書記長;臺灣省議員暨民進黨黨團總召;,http://www.ly.gov.tw//Images/Legislators/90081.jpg,否,NA,NA,NA
9,廖國棟Sufin‧Siluko,Liao Kuo-Tung,男,中國國民黨,中國國民黨,平地原住民,第9屆第1會期：經濟委員會;第9屆第2會期：經濟委員會;第9屆第3會期：司法及法制委員會;第9屆第3會期：程序委員會;第9屆第4會期：司法及法制委員會;第9屆第5會期：經濟委員會;第9屆第6會期：經濟委員會;第9屆第7會期：經濟委員會;第9屆第8會期：經濟委員會;,2016-02-01,高雄醫學大學醫學系;,第5、6、7、8屆立法委員;第3屆國大代表;台東基督教醫院主治醫師;台東衛生局課長;台東縣延平、海端、蘭嶼、長濱、成功等鄉鎮衛生所主任兼醫師;中華兩岸少數民族知識經濟交流協會理事長;立法院厚生會會長;東甯診所院長;中華海峽兩岸醫療暨健康產業發展協會理事長;,http://www.ly.gov.tw//Images/Legislators/90082.jpg,否,NA,NA,NA
9,管碧玲,Kuan Bi-Ling,女,民主進步黨,民主進步黨,高雄市第5選舉區,第9屆第1會期：經濟委員會;第9屆第2會期：經濟委員會;第9屆第2會期：紀律委員會;第9屆第3會期：經濟委員會;第9屆第4會期：經濟委員會;第9屆第5會期：內政委員會;第9屆第6會期：內政委員會;第9屆第6會期：紀律委員會;第9屆第7會期：司法及法制委員會;第9屆第8會期：司法及法制委員會;,2016-02-01,臺灣大學政治學博士;,哈佛大學甘迺迪政府學院國家與國際安全高階行政專班結業;國立台北大學公共行政暨政策學系副教授;台灣教授協會秘書長;高雄市新聞處處長、文化局局長;第6、7、8屆立法委員;立法院教育文化委員會、交通委員會召集委員;立法院民進黨黨團幹事長;民進黨中央黨部政策中心主,http://www.ly.gov.tw//Images/Legislators/90083.jpg,否,NA,NA,NA
9,趙天麟,Chao Tien-Lin,男,民主進步黨,民主進步黨,高雄市第7選舉區,第9屆第1會期：內政委員會;第9屆第2會期：內政委員會;第9屆第2會期：紀律委員會;第9屆第3會期：內政委員會;第9屆第4會期：內政委員會;第9屆第5會期：社會福利及衛生環境委員會;第9屆第6會期：社會福利及衛生環境委員會;第9屆第7會期：外交及國防委員會;第9屆第8會期：外交及國防委員會;第9屆第8會期：紀律委員會;,2016-02-01,國立中山大學公共政策碩士;,國立高雄應用科技大學機械與精密工程博士班（工管組）;第8屆立法委員;第6、7屆高雄市議員;美國國務院IVLP訪問學人;日本慶應大學訪問研究員;民主進步黨中國事務部、文宣部、青年部主任;陳菊競選總部總幹事及發言人;世展望及家扶中心長期資助人;高雄世新大學、真,http://www.ly.gov.tw//Images/Legislators/90084.jpg,否,NA,NA,NA
9,趙正宇,Chao Cheng-Yu,男,無黨籍,民主進步黨,桃園市第6選舉區,第9屆第1會期：交通委員會;第9屆第2會期：交通委員會;第9屆第3會期：交通委員會;第9屆第4會期：交通委員會;第9屆第5會期：內政委員會;第9屆第6會期：內政委員會;第9屆第7會期：內政委員會;第9屆第8會期：內政委員會;,2016-02-01,銘傳大學公共事務學系研究所碩士;,桃園縣八德市公所秘書;桃園縣八德市民代表;桃園縣第15、16、17屆議員;桃園市第1屆議員;  ;,http://www.ly.gov.tw//Images/Legislators/90085.jpg,否,NA,NA,NA
9,劉世芳,Liu Shyh-Fang,女,民主進步黨,民主進步黨,高雄市第3選舉區,第9屆第1會期：外交及國防委員會;第9屆第1會期：紀律委員會;第9屆第2會期：外交及國防委員會;第9屆第3會期：外交及國防委員會;第9屆第4會期：外交及國防委員會;第9屆第5會期：內政委員會;第9屆第6會期：內政委員會;第9屆第7會期：內政委員會;第9屆第8會期：內政委員會;,2016-02-01,美國奧克拉荷馬州州立大學環境工程碩士;淡江大學化學工程系學士;,高雄市副市長;2009高雄世運組委會常務董事;國家安全會議副秘書長;總統府副秘書長;行政院秘書長;立法院(第5屆)委員;台中縣副縣長;臺北市環保局長;澎湖縣政府機要秘書;  ;,http://www.ly.gov.tw//Images/Legislators/90086.jpg,否,NA,NA,NA
9,劉建國,Liu  Chien-Kuo,男,民主進步黨,民主進步黨,雲林縣第2選舉區,第9屆第1會期：社會福利及衛生環境委員會;第9屆第2會期：社會福利及衛生環境委員會;第9屆第3會期：社會福利及衛生環境委員會;第9屆第4會期：社會福利及衛生環境委員會;第9屆第5會期：財政委員會;第9屆第6會期：財政委員會;第9屆第7會期：社會福利及衛生環境委員會;第9屆第7會期：紀律委員會;第9屆第8會期：社會福利及衛生環境委員會;,2016-02-01,稻江科技暨管理學院老人福祉與社會工作學系;,立法院第7、8屆立法委員;立法院社會福利及衛生環境委員會召委;立法院厚生會會長;民進黨議會黨團召集人暨第15、16屆議員;第6屆斗六市民代表;雲林縣體育會副理事長;雲林縣棒球委員會主委;雲林縣社會關懷協會創會理事長;  ;,http://www.ly.gov.tw//Images/Legislators/90087.jpg,否,NA,NA,NA
9,劉櫂豪,Liu Chao-Hao,男,民主進步黨,民主進步黨,臺東縣選舉區,第9屆第1會期：交通委員會;第9屆第2會期：交通委員會;第9屆第3會期：司法及法制委員會;第9屆第4會期：司法及法制委員會;第9屆第5會期：交通委員會;第9屆第6會期：交通委員會;第9屆第7會期：交通委員會;第9屆第8會期：交通委員會;,2016-02-01,臺東仁愛國小;臺東新生國中;臺東高中;國立政治大學法律學系;,法官;副縣長;律師;民進黨中央黨部組織推廣部主任;立法委員;  ;,http://www.ly.gov.tw//Images/Legislators/90088.jpg,否,NA,NA,NA
9,蔡其昌,Tsai Chi-Chang,男,民主進步黨,民主進步黨,臺中市第1選舉區,第9屆第1會期：司法及法制委員會;第9屆第2會期：司法及法制委員會;第9屆第3會期：司法及法制委員會;第9屆第4會期：司法及法制委員會;第9屆第5會期：司法及法制委員會;第9屆第6會期：司法及法制委員會;第9屆第7會期：司法及法制委員會;第9屆第8會期：司法及法制委員會;,2016-02-01,中興大學財金所EMBA碩士 ;東海大學歷史研究所碩士 ;東海大學歷史學系畢業 ;清水高中 ;沙鹿國中 ;清水國小;,中興大學財金所博士班 ;立法院民主進步黨團幹事長 ;第6屆、第8屆立法委員 ;民主進步黨中常委、發言人 ;臺中縣政府民政局長 ;臺中縣工業策進會總幹事 ;靜宜大學、聯合大學兼任講師 ;台中市壘球委員會主任委員;  ;,http://www.ly.gov.tw//Images/Legislators/90089.jpg,否,NA,NA,NA
9,蔡易餘,Tsai Yi-Yu,男,民主進步黨,民主進步黨,嘉義縣第1選舉區,第9屆第1會期：司法及法制委員會;第9屆第2會期：司法及法制委員會;第9屆第3會期：司法及法制委員會;第9屆第3會期：紀律委員會;第9屆第4會期：司法及法制委員會;第9屆第4會期：紀律委員會;第9屆第5會期：財政委員會;第9屆第6會期：財政委員會;第9屆第7會期：財政委員會;第9屆第8會期：財政委員會;,2016-02-01,嘉義市崇文國小;水上鄉忠和國中;嘉義高中;臺灣大學財經法律系;,萬國法律事務所律師;民主進步黨中央執行委員;2014年張花冠縣長競選總幹事;台灣陪審團協會理事;凱達格蘭基金會理事;小英教育基金會顧問;民主進步黨嘉義縣黨部主委;  ;,http://www.ly.gov.tw//Images/Legislators/90090.jpg,否,NA,NA,NA
9,蔡培慧,Tsai Pei-Hui,女,民主進步黨,民主進步黨,全國不分區及僑居國外國民,第9屆第1會期：經濟委員會;第9屆第1會期：程序委員會;第9屆第2會期：經濟委員會;第9屆第2會期：程序委員會;第9屆第3會期：教育及文化委員會;第9屆第4會期：教育及文化委員會;第9屆第5會期：教育及文化委員會;第9屆第5會期：程序委員會;第9屆第6會期：教育及文化委員會;第9屆第6會期：程序委員會;第9屆第7會期：紀律委員會;第9屆第7會期：教育及文化委員會;第9屆第8會期：教育及文化委員會;,2016-02-01,臺灣大學生物產業傳播暨發展學系博士;,九二一震災重建基金會執行秘書;台灣農村陣線發言人暨秘書長;世新大學社會發展研究所副教授;  ;,http://www.ly.gov.tw//Images/Legislators/90091.jpg,否,NA,NA,NA
9,蔡適應,Tsai Shih-Ying,男,民主進步黨,民主進步黨,基隆市選舉區,第9屆第1會期：外交及國防委員會;第9屆第2會期：外交及國防委員會;第9屆第3會期：外交及國防委員會;第9屆第4會期：外交及國防委員會;第9屆第4會期：紀律委員會;第9屆第5會期：外交及國防委員會;第9屆第6會期：外交及國防委員會;第9屆第7會期：外交及國防委員會;第9屆第7會期：紀律委員會;第9屆第8會期：外交及國防委員會;,2016-02-01,淡江大學國際事務與戰略研究所碩士;東海大學政治系學士;,基隆市第16、17、18屆市議員;民進黨基隆市黨部主委;臺北大學都市計劃研究所博士候選人;比利時魯汶大學歐洲空間發展規劃（ESDP）訪問學人;經國管理學院憲法學講師;基隆柔術委員會主委、家扶中心助養人、社會公益團體幹部顧問;陸軍指職軍官班第一期;前基隆觀光,http://www.ly.gov.tw//Images/Legislators/90092.jpg,否,NA,NA,NA
9,蔣乃辛,Chiang Nai-Shin,男,中國國民黨,中國國民黨,臺北市第6選舉區,第9屆第1會期：教育及文化委員會;第9屆第2會期：教育及文化委員會;第9屆第3會期：教育及文化委員會;第9屆第4會期：教育及文化委員會;第9屆第5會期：教育及文化委員會;第9屆第6會期：教育及文化委員會;第9屆第7會期：教育及文化委員會;第9屆第8會期：教育及文化委員會;,2016-02-01,大同大學事業經營研究所碩士畢業;,第7、8屆立法委員;臺北市第4、5、6、7、8、9、10屆議員;臺北市家庭扶助中心扶幼委員會主任委員;臺北市金華國中、小學家長會榮譽會長;政治大學大同大學校友會理事;  ;,http://www.ly.gov.tw//Images/Legislators/90093.jpg,否,NA,NA,NA
9,蔣萬安,Chiang Wan-An,男,中國國民黨,中國國民黨,臺北市第3選舉區,第9屆第1會期：社會福利及衛生環境委員會;第9屆第2會期：社會福利及衛生環境委員會;第9屆第3會期：社會福利及衛生環境委員會;第9屆第4會期：社會福利及衛生環境委員會;第9屆第4會期：紀律委員會;第9屆第5會期：社會福利及衛生環境委員會;第9屆第5會期：程序委員會;第9屆第6會期：社會福利及衛生環境委員會;第9屆第6會期：程序委員會;第9屆第7會期：社會福利及衛生環境委員會;第9屆第8會期：社會福利及衛生環境委員會;,2016-02-01,美國賓夕法尼亞大學法學院法律博士;國立政治大學法律系、外交系雙學士;,萬澤外國法事務律師事務所主持律師;美國WSGR律師事務所執業律師;  ;,http://www.ly.gov.tw//Images/Legislators/90094.jpg,否,NA,NA,NA
9,鄭天財Sra‧Kacaw,Jeng Tian-Tsair,男,中國國民黨,中國國民黨,平地原住民,第9屆第1會期：交通委員會;第9屆第1會期：經費稽核委員會;第9屆第2會期：交通委員會;第9屆第2會期：經費稽核委員會;第9屆第3會期：內政委員會;第9屆第4會期：內政委員會;第9屆第4會期：紀律委員會;第9屆第5會期：內政委員會;第9屆第6會期：內政委員會;第9屆第7會期：經濟委員會;第9屆第8會期：經濟委員會;,2016-02-01,國立臺灣大學法律系畢業;,第8屆、第9屆立法委員;臺灣省政府法規會編審;臺灣省政府原住民行政局副局長;臺灣省政府原住民事務委員會副主任委員;行政院原住民族委員會教育文化處處長、社會福利處處長、企劃處處長;行政院原住民族委員會副主任委員;臺灣省政府副秘書長;榮獲考試院頒發91年公務人,http://www.ly.gov.tw//Images/Legislators/90095.jpg,否,NA,NA,NA
9,鄭運鵬,Cheng Yun-Peng,男,民主進步黨,民主進步黨,桃園市第1選舉區,第9屆第1會期：交通委員會;第9屆第2會期：交通委員會;第9屆第3會期：交通委員會;第9屆第4會期：交通委員會;第9屆第4會期：紀律委員會;第9屆第5會期：經濟委員會;第9屆第6會期：經濟委員會;第9屆第7會期：司法及法制委員會;第9屆第8會期：司法及法制委員會;,2016-02-01,臺北市立福星國民小學;私立延平中學直升部;國立臺灣大學土木工程學系畢業;,高雄市政府工務局機要秘書;謝長廷高雄市長競選總部發言人兼政務部主任;民主進步黨文宣部主任;第6屆立法委員;民主進步黨網路部主任;民主進步黨組織部主任;民主進步黨發言人;  ;,http://www.ly.gov.tw//Images/Legislators/90096.jpg,否,NA,NA,NA
9,鄭麗君,Cheng Li-Chiun,女,民主進步黨,民主進步黨,全國不分區及僑居國外國民,第9屆第1會期：教育及文化委員會;,2016-02-01,台大哲學系學士;法國巴黎第十大學政治、經濟、社會哲學碩士;,第8屆立法委員;行政院青年輔導委員會主任委員;青平台基金會董事長(兼執行長);財團法人台灣智庫執行長;國藝基金會董事;東吳大學政治系兼任講師;  ;,http://www.ly.gov.tw//Images/Legislators/90097.jpg,是,2016-05-20,NA,NA
9,鄭寶清,ChengPao-Ching,男,民主進步黨,民主進步黨,桃園市第4選舉區,第9屆第1會期：交通委員會;第9屆第2會期：交通委員會;第9屆第3會期：交通委員會;第9屆第3會期：紀律委員會;第9屆第4會期：交通委員會;第9屆第5會期：交通委員會;第9屆第6會期：交通委員會;第9屆第7會期：交通委員會;第9屆第8會期：交通委員會;,2016-02-01,國立中央大學管理學博士;國立中興大學法學碩士;國立中興大學行政系學士;,桃園航空城公司董事長;台鹽董事長;崇右技術學院副校長、教授;立法院民主進步黨黨團總召;第3、4屆立法委員;第二屆國大代表;民主進步黨中執委、中常委;民進黨桃園縣黨部主委;  ;,http://www.ly.gov.tw//Images/Legislators/90098.jpg,否,NA,NA,NA
9,盧秀燕,Lu Shiow-Yen,女,中國國民黨,中國國民黨,臺中市第5選舉區,第9屆第1會期：財政委員會;第9屆第1會期：紀律委員會;第9屆第1會期：經費稽核委員會;第9屆第2會期：財政委員會;第9屆第2會期：經費稽核委員會;第9屆第3會期：財政委員會;第9屆第4會期：財政委員會;第9屆第5會期：財政委員會;第9屆第6會期：財政委員會;,2016-02-01,國立政治大學地政系學士;私立淡江大學國際事務與戰略研究所碩士;,華梘記者;華視中部採訪中心主任暨省政特派員;79年電視金鐘獎最佳採訪獎得主;第10屆臺灣省議員;第4～9屆立法委員;102年國家磐石關懷獎章得主;  ;,http://www.ly.gov.tw//Images/Legislators/90099.jpg,是,2018-11-20,NA,NA
9,蕭美琴,Hsiao Bi-Khim,女,民主進步黨,民主進步黨,花蓮縣選舉區,第9屆第1會期：交通委員會;第9屆第2會期：交通委員會;第9屆第3會期：經濟委員會;第9屆第4會期：經濟委員會;第9屆第5會期：交通委員會;第9屆第5會期：紀律委員會;第9屆第6會期：交通委員會;第9屆第7會期：交通委員會;第9屆第8會期：交通委員會;,2016-02-01,美國哥倫比亞大學政治學碩士;,第5、6、8屆立法委員;民進黨國際事務部主任;總統府顧問;亞洲民主自由聯盟(CALD)秘書長;行政院大陸委員會諮詢委員;新境界文教基金會副執行長;臺灣民主基金會董事;國際自由政黨聯盟(LI)副主席;海基會董事;美琴之友會名譽理事長;  ;,http://www.ly.gov.tw//Images/Legislators/90100.jpg,否,NA,NA,NA
9,賴士葆,Lai  Shyh-Bao,男,中國國民黨,中國國民黨,臺北市第8選舉區,第9屆第1會期：財政委員會;第9屆第1會期：程序委員會;第9屆第2會期：財政委員會;第9屆第2會期：程序委員會;第9屆第2會期：紀律委員會;第9屆第3會期：財政委員會;第9屆第4會期：財政委員會;第9屆第5會期：財政委員會;第9屆第6會期：財政委員會;第9屆第6會期：紀律委員會;第9屆第7會期：財政委員會;第9屆第8會期：財政委員會;,2016-02-01,美國南加州大學工業與系統工程碩士、博士;國立政治大學企管所碩士;國立成功大學機械系學士;,第3屆國民大會代表;第4、6、7、8屆立法委員;臺北市政府市政顧問團總召集人;臺北市政府經濟發展委員會副總召集人、首席顧問;臺北市政府花博顧問;考試院典試委員;國立政治大學企研所所長、教授;  ;,http://www.ly.gov.tw//Images/Legislators/90101.jpg,否,NA,NA,NA
9,賴瑞隆,Lai Jui-Lung,男,民主進步黨,民主進步黨,高雄市第9選舉區,第9屆第1會期：內政委員會;第9屆第2會期：內政委員會;第9屆第3會期：內政委員會;第9屆第4會期：內政委員會;第9屆第4會期：紀律委員會;第9屆第5會期：經濟委員會;第9屆第6會期：經濟委員會;第9屆第7會期：經濟委員會;第9屆第7會期：紀律委員會;第9屆第8會期：經濟委員會;,2016-02-01,臺灣大學國家發展研究所碩士;,高雄市政府海洋局局長;高雄市政府新聞局局長;高雄市政府觀光局主任秘書;高雄市政府建設局專門委員;2009年高雄世運會執行秘書;行政院勞委會專員;行政院新聞局簡任秘書;國會助理;  ;,http://www.ly.gov.tw//Images/Legislators/90102.jpg,否,NA,NA,NA
9,鍾孔炤,Chung Kung-Chao,男,民主進步黨,民主進步黨,全國不分區及僑居國外國民,第9屆第1會期：社會福利及衛生環境委員會;第9屆第1會期：程序委員會;第9屆第2會期：社會福利及衛生環境委員會;第9屆第2會期：程序委員會;第9屆第3會期：司法及法制委員會;第9屆第3會期：程序委員會;第9屆第4會期：司法及法制委員會;第9屆第4會期：程序委員會;第9屆第5會期：司法及法制委員會;第9屆第6會期：司法及法制委員會;第9屆第7會期：司法及法制委員會;第9屆第8會期：司法及法制委員會;,2016-02-01,屏東縣內埔國民小學;屏東縣內埔國民中學;私立美和高級中學;,台灣勞工陣線執委、理事;高雄市產業總工會理事長;全國產業總工會理事長;高雄市政府客家事務委員會主委;高雄市政府勞工局局長;  ;,http://www.ly.gov.tw//Images/Legislators/90103.jpg,否,NA,NA,NA
9,鍾佳濱,Chung Chia-Pin,男,民主進步黨,民主進步黨,屏東縣第2選舉區,第9屆第1會期：教育及文化委員會;第9屆第2會期：教育及文化委員會;第9屆第3會期：交通委員會;第9屆第4會期：交通委員會;第9屆第5會期：教育及文化委員會;第9屆第6會期：教育及文化委員會;第9屆第7會期：教育及文化委員會;第9屆第8會期：教育及文化委員會;,2016-02-01,國立屏東科技大學研究所;國立臺灣大學歷史系;屏東高中;明正國中;仁愛國小;,屏東縣副縣長;第3屆國民大會代表;行政院文化建設委員會參事;紙風車劇團顧問;萬年溪保育協會;屏東縣台大校友會理事長;廢除刑法100行動聯盟;野百合世代學運領袖;核四公投千里苦行執行秘書;  ;,http://www.ly.gov.tw//Images/Legislators/90104.jpg,否,NA,NA,NA
9,簡東明Uliw．Qaljupayare,Chien Tung-Ming,男,中國國民黨,中國國民黨,山地原住民,第9屆第1會期：交通委員會;第9屆第2會期：交通委員會;第9屆第3會期：交通委員會;第9屆第7會期：教育及文化委員會;第9屆第8會期：教育及文化委員會;,2016-02-01,草埔國小畢業;枋寮初中畢業;省立屏東師專畢業;,國小教師17年;獅子鄉第11、12屆鄉長;屏東縣第14、15、16屆縣議員;第7、8屆立法委員;現任台灣原住民拳擊協會理事長;曾獲全國原住民首屆十大傑出青年;曾獲全國特殊優良教師師鐸獎;曾獲全國特優鄉長兩次;中興大學行政研究所;國立屏東師院肄業;  ;,http://www.ly.gov.tw//Images/Legislators/90105.jpg,否,NA,NA,NA
9,顏寬恒,Yen Kuan-Heng,男,中國國民黨,中國國民黨,臺中市第2選舉區,第9屆第1會期：交通委員會;第9屆第2會期：交通委員會;第9屆第3會期：內政委員會;第9屆第4會期：內政委員會;第9屆第5會期：交通委員會;第9屆第6會期：交通委員會;第9屆第7會期：交通委員會;第9屆第8會期：交通委員會;,2016-02-01,建國工專機械工程科;美國舊金山多明尼肯大學企管碩士;中華大學行政管理研究所碩士;,第8、9屆立法委員;龍井區龍井國小榮譽會長;台中市龍獅文化協會榮譽會長;台中市救國團團委會指導委員;中華民國不動產經紀人協會榮譽顧問;大甲鎮瀾宮兒童家園志工;財團法人祥和文教基金會董事;台中市後備指揮部發展委員;台中市跨業交流協會顧問;台中市新移民女性家庭,http://www.ly.gov.tw//Images/Legislators/90106.jpg,否,NA,NA,NA
9,羅明才,Lo Ming-Tsai,男,中國國民黨,中國國民黨,新北市第11選舉區,第9屆第1會期：財政委員會;第9屆第2會期：財政委員會;第9屆第3會期：財政委員會;第9屆第3會期：紀律委員會;第9屆第4會期：財政委員會;第9屆第5會期：財政委員會;第9屆第6會期：財政委員會;第9屆第7會期：財政委員會;第9屆第7會期：紀律委員會;第9屆第8會期：財政委員會;,2016-02-01,美國華盛頓城市大學企業管理碩士;致理商專(現升格科技大學)企業管理系畢;,國民大會主席團主席;國民黨中央委員;立法院財政委員會召集委員;立法院經濟委員會召集委員;立法院國民黨團副書記長;臺北縣體育會理事長;臺北縣彰化同鄉會理事長;救國團新北市團委會指導委員;  ;,http://www.ly.gov.tw//Images/Legislators/90107.jpg,否,NA,NA,NA
9,羅致政,Lo Chih-Cheng,男,民主進步黨,民主進步黨,新北市第7選舉區,第9屆第1會期：外交及國防委員會;第9屆第2會期：外交及國防委員會;第9屆第2會期：紀律委員會;第9屆第3會期：外交及國防委員會;第9屆第4會期：外交及國防委員會;第9屆第5會期：外交及國防委員會;第9屆第6會期：外交及國防委員會;第9屆第7會期：外交及國防委員會;第9屆第8會期：外交及國防委員會;,2016-02-01,美國加州大學洛杉磯分校(UCLA)政治學博士;國立政治大學外交學系學士;,新台灣國策智庫執行長;蔡英文競選新北市長總部政策部主任兼發言人;東吳大學政治學系主任;外交部研究設計委員會主委;民主進步黨新北市黨部主委;國策研究院執行長;民視「台灣看天下」節目主持人;公共電視「全球現場」節目主持人;台灣社秘書長;民主進步黨中央黨部國際部,http://www.ly.gov.tw//Images/Legislators/90108.jpg,否,NA,NA,NA
9,蘇巧慧,Su Chiao-Hui,女,民主進步黨,民主進步黨,新北市第5選舉區,第9屆第1會期：教育及文化委員會;第9屆第2會期：教育及文化委員會;第9屆第3會期：教育及文化委員會;第9屆第4會期：教育及文化委員會;第9屆第5會期：教育及文化委員會;第9屆第6會期：教育及文化委員會;第9屆第7會期：教育及文化委員會;第9屆第8會期：教育及文化委員會;,2016-02-01,美國賓州大學法律博士（SJD）候選人;美國賓州大學法律碩士(LLM);美國波士頓大學法律碩士(LLM);台大法律系司法組畢業;北一女中;,超越基金會執行長;2004年總統大選律師後援會總聯絡人、驗票律師團律師;臺北縣偏鄉法律諮詢服務義務律師;萬國法律事務所律師;律師高考及格;  ;,http://www.ly.gov.tw//Images/Legislators/90109.jpg,否,NA,NA,NA
9,蘇治芬,Su Chih-Feng,女,民主進步黨,民主進步黨,雲林縣第1選舉區,第9屆第1會期：經濟委員會;第9屆第2會期：經濟委員會;第9屆第3會期：經濟委員會;第9屆第4會期：經濟委員會;第9屆第4會期：紀律委員會;第9屆第5會期：經濟委員會;第9屆第6會期：經濟委員會;第9屆第7會期：經濟委員會;第9屆第8會期：經濟委員會;,2016-02-01,雲林縣北港鎮南陽國小;雲林縣北港鎮北港初中;臺北市立士林商業職業學校畢業;,國民大會代表(1996-2000);立法委員(2002-2005);雲林縣長(2005-2014);立法委員(2016-);  ;,http://www.ly.gov.tw//Images/Legislators/90110.jpg,否,NA,NA,NA
9,蘇嘉全,Su Jia-chyuan,男,民主進步黨,民主進步黨,全國不分區及僑居國外國民,第9屆第1會期：外交及國防委員會;第9屆第2會期：外交及國防委員會;第9屆第3會期：司法及法制委員會;第9屆第4會期：司法及法制委員會;第9屆第5會期：外交及國防委員會;第9屆第6會期：外交及國防委員會;第9屆第7會期：外交及國防委員會;第9屆第8會期：外交及國防委員會;,2016-02-01,國立中山大學公共事務管理碩士;國立海洋大學食品科學系學士;,民主進步黨秘書長、中常委、選對會召集人;農委會主委;內政部長;屏東縣長;立法委員;國大代表;  ;,http://www.ly.gov.tw//Images/Legislators/90111.jpg,否,NA,NA,NA
9,蘇震清,Su Chen-Ching,男,民主進步黨,民主進步黨,屏東縣第1選舉區,第9屆第1會期：經濟委員會;第9屆第1會期：紀律委員會;第9屆第2會期：經濟委員會;第9屆第3會期：經濟委員會;第9屆第4會期：經濟委員會;第9屆第5會期：經濟委員會;第9屆第6會期：經濟委員會;第9屆第6會期：紀律委員會;第9屆第7會期：經濟委員會;第9屆第8會期：經濟委員會;第9屆第8會期：紀律委員會;,2016-02-01,屏東科技大學農業企業管理碩士專班畢;,民進黨第7屆全國黨代表;民進黨第14屆中央執行委員;蘇嘉全立委辦公室主任;屏東縣中央獅子會理事;屏東縣議員第15屆、16屆;立法委員第7屆;立法委員第8屆;  ;,http://www.ly.gov.tw//Images/Legislators/90112.jpg,否,NA,NA,NA
9,顧立雄,Koo Li-Hsiung,男,民主進步黨,民主進步黨,全國不分區及僑居國外國民,第9屆第1會期：司法及法制委員會;第9屆第1會期：程序委員會;,2016-02-01,國立臺灣大學法學士;美國紐約大學(NYU)法學碩士;,萬國法律事務所資深合夥律師(1983年-2016年);臺北律師公會理事長(2003年-2005年);中華民國律師公會全國聯合會理事長(2008年-2009年);臺灣法學會理事長(2009年-2010年);民間司法改革基金會董事長(2010年);臺灣人權促進,http://www.ly.gov.tw//Images/Legislators/90113.jpg,是,2016-08-31,NA,NA
9,施義芳,Shih Yi-Fang,男,民主進步黨,民主進步黨,全國不分區及僑居國外國民,第9屆第1會期：財政委員會;第9屆第2會期：財政委員會;第9屆第3會期：財政委員會;第9屆第3會期：程序委員會;第9屆第3會期：經費稽核委員會;第9屆第4會期：財政委員會;第9屆第4會期：程序委員會;第9屆第4會期：經費稽核委員會;第9屆第5會期：財政委員會;第9屆第5會期：程序委員會;第9屆第6會期：經費稽核委員會;第9屆第6會期：財政委員會;第9屆第6會期：程序委員會;第9屆第7會期：財政委員會;第9屆第7會期：紀律委員會;第9屆第7會期：經費稽核委員會;第9屆第8會期：財政委員會;第9屆第8會期：紀律委員會;第9屆第8會期：經費稽核委員會;,2016-05-26,中央大學土木工程學系碩士;臺灣科技大學營建工程技術系學士;,中華民國土木技師公會全國聯合會理事長;台灣省土木技師公會理事長;  ;,http://www.ly.gov.tw//Images/Legislators/90114.jpg,否,NA,NA,NA
9,李麗芬,Lee Li-Feng,女,民主進步黨,民主進步黨,全國不分區及僑居國外國民,第9屆第1會期：教育及文化委員會;第9屆第2會期：教育及文化委員會;第9屆第3會期：教育及文化委員會;第9屆第3會期：程序委員會;第9屆第4會期：教育及文化委員會;第9屆第4會期：程序委員會;第9屆第5會期：教育及文化委員會;第9屆第5會期：程序委員會;第9屆第6會期：教育及文化委員會;第9屆第6會期：程序委員會;第9屆第7會期：程序委員會;第9屆第7會期：教育及文化委員會;第9屆第8會期：程序委員會;第9屆第8會期：紀律委員會;第9屆第8會期：教育及文化委員會;,2016-05-26,東海大學社會學系;,台灣展翅協會秘書長;國際終止兒少性剝削組織東亞執委;台灣女人連線理事;行政院防制人口販運協調會委員;行政院兒童及少年福利與權益推動小組委員;  ;,http://www.ly.gov.tw//Images/Legislators/90115.jpg,否,NA,NA,NA
9,郭正亮,Kuo Jeng-Liang,男,民主進步黨,民主進步黨,全國不分區及僑居國外國民,第9屆第2會期：司法及法制委員會;第9屆第2會期：程序委員會;第9屆第3會期：財政委員會;第9屆第4會期：財政委員會;第9屆第4會期：紀律委員會;第9屆第5會期：財政委員會;第9屆第5會期：程序委員會;第9屆第6會期：財政委員會;第9屆第6會期：程序委員會;第9屆第7會期：財政委員會;第9屆第7會期：程序委員會;第9屆第8會期：程序委員會;第9屆第8會期：財政委員會;,2016-09-02,美國耶魯大學政治學博士;台大社會學碩士;台大心理學學士;,文化國際企管研究所副教授;美麗島文化事業有限公司副董事長;第5、6 屆立法委員;陸委會、外交部諮委;東吳政治系副教授;  ;,http://www.ly.gov.tw//Images/Legislators/90116.jpg,否,NA,NA,NA
9,邱泰源,Chiu Tai-Yuan,男,民主進步黨,民主進步黨,全國不分區及僑居國外國民,第9屆第2會期：財政委員會;第9屆第3會期：社會福利及衛生環境委員會;第9屆第3會期：程序委員會;第9屆第4會期：社會福利及衛生環境委員會;第9屆第4會期：程序委員會;第9屆第5會期：社會福利及衛生環境委員會;第9屆第5會期：程序委員會;第9屆第6會期：社會福利及衛生環境委員會;第9屆第6會期：程序委員會;第9屆第7會期：社會福利及衛生環境委員會;第9屆第7會期：程序委員會;第9屆第8會期：程序委員會;第9屆第8會期：社會福利及衛生環境委員會;第9屆第8會期：紀律委員會;,2016-10-04,日本東京大學醫學系研究科碩士;,台大醫學院教授暨社區醫學研究群主持人;台大醫院主治醫師兼門診部主任;曾任台灣家庭醫學醫學會理事長;曾任台灣安寧緩和醫學學會理事長;中華民國醫師公會全國聯合會理事長;  ;,http://www.ly.gov.tw//Images/Legislators/90117.jpg,否,NA,NA,NA
9,蔣絜安,CHIANGCHIEH-AN,女,民主進步黨,民主進步黨,全國不分區及僑居國外國民,第9屆第6會期：內政委員會;第9屆第6會期：程序委員會;第9屆第7會期：內政委員會;第9屆第7會期：程序委員會;第9屆第8會期：程序委員會;第9屆第8會期：內政委員會;,2018-07-17,國立中央大學客家學院社會科學碩士;國立臺灣大學國家發展研究所法學碩士;國立中央大學客家學院客家研究博士班;,立法院第九屆民進黨不分區立法委員;口袋國會評鑑「全院整體多元表現優質委員」和「內政委員會優質委員」;桃園市政府客家事務局局長;國際拼布藝術創作家;中廣、華視、民視等媒體記者、主播、主持人;客家委員會諮詢委員、客語薪傳師;國立臺灣大學客家研究中心顧問;,http://www.ly.gov.tw//Images/Legislators/90118.jpg,否,NA,NA,NA
9,林奕華,Lin yihua,女,中國國民黨,中國國民黨,全國不分區及僑居國外國民,第9屆第6會期：內政委員會;第9屆第7會期：程序委員會;第9屆第7會期：教育及文化委員會;第9屆第8會期：程序委員會;第9屆第8會期：教育及文化委員會;,2018-11-09,美國賓州匹茲堡大學公共行政碩士;國立臺灣大學政治系法學士;師大附中;,新北市政府教育局局長;新北市政府顧問;臺北市政府教育局局長;臺北市議會議員;行政院大陸委員會副研究員;  ;,http://www.ly.gov.tw//Images/Legislators/90119.jpg,否,NA,NA,NA
9,陳靜敏,Ching-Min Chen,女,民主進步黨,民主進步黨,全國不分區及僑居國外國民,第9屆第6會期：社會福利及衛生環境委員會;第9屆第7會期：社會福利及衛生環境委員會;第9屆第7會期：程序委員會;第9屆第8會期：程序委員會;第9屆第8會期：社會福利及衛生環境委員會;,2018-11-09,美國印第安那大學護理博士;,美國護理科學院院士(Fellow of the American Academy of Nursing FAAN);國立成功大學護理系教授、國際事務長;台灣護理學會副理事長;台灣社區衛生護理學會理事長;  ;,http://www.ly.gov.tw//Images/Legislators/90120.jpg,否,NA,NA,NA
9,童惠珍,HUI-CHEN TUNG,女,中國國民黨,中國國民黨,全國不分區及僑居國外國民,第9屆第7會期：程序委員會;第9屆第7會期：交通委員會;第9屆第8會期：程序委員會;第9屆第8會期：交通委員會;第9屆第8會期：紀律委員會;,2019-01-02,紐約聖若望大學(ST. JOHNS UNIVERSITY)企管碩士;輔仁大學西文系;中山女子高級中學;南港國中、南港國小;,中華民國僑務諮詢委員;中華民國僑務委員;中國國民黨第16、17、18、19、20屆中央委員;世界華人工商婦女企管協會大紐約分會創會長;華僑救國聯合總會美東辦事處主任;美東華人學術聯誼會會長;全美台灣同鄉聯誼會顧問;紐約台灣同鄉聯誼會會長;紐約救國團之友會會,http://www.ly.gov.tw//Images/Legislators/90121.jpg,否,NA,NA,NA
9,沈智慧,SHEN CHIN HWEI,女,中國國民黨,中國國民黨,臺中市第5選舉區,第9屆第7會期：司法及法制委員會;第9屆第8會期：司法及法制委員會;,2019-02-01,南開大學經濟管理學博士（天津）;政法大學經濟法學博士（北京）;文化大學新聞系、企業管理系雙學士（台北）;,立法院立法委員（第九屆補選）;中國國民黨中央委員會常務委員（中常委）;中國國民黨立法院黨團司法及法制委員會委員長（第九屆第七會期）;中華華夏文化交流協會理事長;中華關愛社會福利協會理事長;臺中市大樓社會協進會創會理事長;立法院立法委員（第一至第六屆）;立法,http://www.ly.gov.tw//Images/Legislators/90122.jpg,否,NA,NA,NA
9,何志偉,HO CHIH-WEI,男,民主進步黨,民主進步黨,臺北市第2選舉區,第9屆第7會期：司法及法制委員會;第9屆第8會期：司法及法制委員會;,2019-02-01,美國南加州大學公共行政碩士;,國立政治大學資訊管理博士生;第十一、十二屆臺北市議員;民進黨第十四、十五屆中常委;民進黨第十六屆中評委;臺北市中醫師公會顧問;臺北市幼教協會顧問;寶島新聲電台主持人;  ;,http://www.ly.gov.tw//Images/Legislators/90123.jpg,否,NA,NA,NA
9,余天,YUTIEN,男,民主進步黨,民主進步黨,新北市第3選舉區,第9屆第7會期：內政委員會;第9屆第8會期：內政委員會;,2019-03-21,新竹縣立第一高級中學;,民進黨新北市黨部主委;第七屆立法委員;全國藝能總工會理事長;台灣媳婦關懷促進協會理事長;陳水扁總統大選演藝人員後援會會長;中華民國關懷藝人基金會董事;「反飛彈、民主和平護台灣」大遊行第四縱隊總召集人;「牽手護台灣、加入聯合國」大遊行藝能界召集人;  ;,http://www.ly.gov.tw//Images/Legislators/90124.jpg,否,NA,NA,NA
9,郭國文,KUO Kuo-Wen,男,民主進步黨,民主進步黨,臺南市第2選舉區,第9屆第7會期：經濟委員會;第9屆第8會期：經濟委員會;,2019-03-21,國立成功大學政治經濟研究所博士;國立臺灣大學國家發展研究所碩士;,行政院勞動部政務次長;長榮大學助理教授;臺南市議會民進黨團總召;臺南市議會第一、二屆議員;臺南縣政府行政管理處處長;民進黨臺南縣黨部主任委員;任務型國民大會代表;  ;,http://www.ly.gov.tw//Images/Legislators/90125.jpg,否,NA,NA,NA
9,柯呈枋,KECheng-Fang,男,中國國民黨,中國國民黨,彰化縣第1選舉區,第9屆第7會期：交通委員會;第9屆第8會期：交通委員會;,2019-03-21,國立中正大學勞工研究所碩士;,臺中市政府參事;勞動部勞動力發展署雲嘉南分署長;彰化縣副縣長;彰化縣政府機要秘書;彰化縣政府勞工處長;彰化縣政府計畫處長;彰化縣政府秘書;法務部科長;法務部專員;勞委會科員;  ;,http://www.ly.gov.tw//Images/Legislators/90126.jpg,否,NA,NA,NA
9,陳玉珍,Chen Yu-Jen,女,中國國民黨,中國國民黨,金門縣選舉區,第9屆第7會期：司法及法制委員會;第9屆第8會期：司法及法制委員會;,2019-03-21,金門高中;台大中文系（法律輔系）;日本九州大學國際公法碩士;北京大學國際經濟法法學碩士;哈佛大學公共政策學院進修;,金門縣議會三屆縣議員;金門縣議會議長陳水木助理;台灣「日本交流協會」獎學金;中國國家教委會獎學金;  ;,http://www.ly.gov.tw//Images/Legislators/90127.jpg,否,NA,NA,NA
9,鄭秀玲,JANG SHOW LING,女,時代力量,時代力量,全國不分區及僑居國外國民,第9屆第7會期：程序委員會;第9屆第8會期：程序委員會;第9屆第8會期：內政委員會;,2019-09-11,美國壬色列理工學院經濟研究所博士;國立台灣大學土木學研究所交通工程組碩士;國立台灣大學經濟系學士;,國立台灣大學經濟學系暨研究所教授;國立台灣大學經濟學系主任;國立台灣大學社科院研發分處主任;國立台灣大學經濟學系暨研究所副教授;美國加州大學 Berkeley分校訪問學者;台灣經濟研究院顧問;工業技術研究院顧問;交通部通訊傳播委員會委員;美國Rensse,http://www.ly.gov.tw//Images/Legislators/90128.jpg,否,NA,NA,NA
